-1.244,-8.559,8.989.344,-18.266.444,0
-12.455,-8.507,8.989.344,-18.266.444,0
-12.444,-8.432,8.989.344,-18.266.444,0
-12.456,-8.334,8.989.344,-18.266.444,0
-12.472,-8.201,8.989.344,-18.266.444,0
-12.516,-8.081,8.989.344,-18.266.444,0
-12.526,-7.998,8.989.344,-18.266.444,0
-12.543,-795,8.989.344,-18.266.444,0
-1.257,-7.932,8.989.344,-18.266.444,0
-12.599,-792,8.989.344,-18.266.444,0
-12.674,-7.906,8.989.344,-18.266.444,0
-12.728,-788,8.989.344,-18.266.444,0
-12.773,-7.835,8.989.344,-18.266.444,0
-12.778,-7.784,943.037,-17.412.726,0
-12.734,-7.729,943.037,-17.412.726,0
-12.705,-7.674,943.037,-17.412.726,0
-12.652,-763,943.037,-17.412.726,0
-12.632,-7.612,943.037,-17.412.726,0
-12.609,-7.596,943.037,-17.412.726,0
-12.587,-7.604,943.037,-17.412.726,0
-12.587,-7.642,943.037,-17.412.726,0
-12.614,-7.684,943.037,-17.412.726,0
-12.643,-7.716,943.037,-17.412.726,0
-12.695,-7.753,943.037,-17.412.726,0
-12.685,-7.804,943.037,-17.412.726,0
-12.694,-7.867,943.037,-17.412.726,0
-12.683,-7.923,943.037,-17.412.726,0
-12.734,-7.951,14.102.533,-27.096.624,0
-12.824,-7.921,14.102.533,-27.096.624,0
-12.812,-7.944,14.102.533,-27.096.624,0
-12.797,-7.964,14.102.533,-27.096.624,0
-12.762,-8.011,14.102.533,-27.096.624,0
-12.778,-8.069,14.102.533,-27.096.624,0
-12.846,-8.097,14.102.533,-27.096.624,0
-12.965,-8.104,14.102.533,-27.096.624,0
-13.061,-8.121,14.102.533,-27.096.624,0
-13.146,-8.156,14.102.533,-27.096.624,0
-13.207,-8.203,14.102.533,-27.096.624,0
-13.293,-8.237,14.102.533,-27.096.624,0
-13.353,-8.274,14.102.533,-27.096.624,0
-13.401,-8.304,14.102.533,-27.096.624,0
-13.409,-8.329,14.102.533,-27.096.624,0
-13.409,-8.326,14.102.533,-27.096.624,0
-13.435,-8.325,16.004.492,-30.570.498,0
-13.456,-8.329,16.004.492,-30.570.498,0
-13.483,-834,16.004.492,-30.570.498,0
-13.507,-837,16.004.492,-30.570.498,0
-13.536,-8.401,16.004.492,-30.570.498,0
-13.582,-8.441,16.004.492,-30.570.498,0
-13.606,-8.459,16.004.492,-30.570.498,0
-13.622,-8.484,16.004.492,-30.570.498,0
-1.363,-8.503,16.004.492,-30.570.498,0
-13.626,-851,16.004.492,-30.570.498,0
-13.634,-8.522,16.004.492,-30.570.498,0
-13.621,-8.513,16.004.492,-30.570.498,0
-13.605,-8.509,16.004.492,-30.570.498,0
-13.595,-8.496,16.004.492,-30.570.498,0
-13.594,-8.509,16.004.492,-30.570.498,0
-1.358,-8.535,11.163.518,-2.648.443,0
-13.555,-8.563,11.163.518,-2.648.443,0
-13.515,-8.564,11.163.518,-2.648.443,0
-13.545,-8.527,11.163.518,-2.648.443,0
-13.563,-8.492,11.163.518,-2.648.443,0
-13.531,-8.498,11.163.518,-2.648.443,0
-13.451,-8.512,11.163.518,-2.648.443,0
-13.369,-8.558,11.163.518,-2.648.443,0
-13.309,-8.577,11.163.518,-2.648.443,0
-13.321,-8.591,11.163.518,-2.648.443,0
-13.361,-8.577,11.163.518,-2.648.443,0
-13.373,-8.557,11.163.518,-2.648.443,0
-13.365,-8.557,11.163.518,-2.648.443,0
-13.326,-8.544,11.163.518,-2.648.443,0
-13.315,-8.532,11.163.518,-2.648.443,0
-13.347,-8.532,11.163.518,-2.648.443,0
-13.346,-8.535,11.382.164,-25.120.356,0
-13.341,-8.528,11.382.164,-25.120.356,0
-13.324,-8.518,11.382.164,-25.120.356,0
-13.279,-8.505,11.382.164,-25.120.356,0
-13.244,-8.494,11.382.164,-25.120.356,0
-13.223,-8.487,11.382.164,-25.120.356,0
-13.231,-8.487,11.382.164,-25.120.356,0
-13.219,-8.489,11.382.164,-25.120.356,0
-13.182,-8.504,11.382.164,-25.120.356,0
-13.157,-8.523,11.382.164,-25.120.356,0
-13.128,-8.529,11.382.164,-25.120.356,0
-13.146,-8.532,11.382.164,-25.120.356,0
-13.165,-853,11.382.164,-25.120.356,0
-13.201,-8.537,11.382.164,-25.120.356,0
-13.244,-8.547,11.382.164,-25.120.356,0
-13.249,-8.567,11.882.681,-20.535.195,0
-13.272,-8.592,11.882.681,-20.535.195,0
-13.246,-8.631,11.882.681,-20.535.195,0
-13.249,-8.666,11.882.681,-20.535.195,0
-13.268,-8.675,11.882.681,-20.535.195,0
-13.285,-866,11.882.681,-20.535.195,0
-13.305,-8.598,11.882.681,-20.535.195,0
-13.352,-8.526,11.882.681,-20.535.195,0
-13.344,-8.505,11.882.681,-20.535.195,0
-13.322,-8.545,11.882.681,-20.535.195,0
-13.264,-8.601,11.882.681,-20.535.195,0
-13.219,-8.656,11.882.681,-20.535.195,0
-13.193,-8.677,11.882.681,-20.535.195,0
-13.196,-866,11.882.681,-20.535.195,0
-13.211,-8.618,11.882.681,-20.535.195,0
-13.156,-8.586,11.848.565,-27.974.432,0
-13.078,-8.593,11.848.565,-27.974.432,0
-13.015,-8.611,11.848.565,-27.974.432,0
-12.956,-862,11.848.565,-27.974.432,0
-12.942,-8.594,11.848.565,-27.974.432,0
-12.904,-8.532,11.848.565,-27.974.432,0
-12.896,-8.462,11.848.565,-27.974.432,0
-12.881,-8.402,11.848.565,-27.974.432,0
-12.862,-8.356,11.848.565,-27.974.432,0
-12.855,-834,11.848.565,-27.974.432,0
-12.806,-8.337,11.848.565,-27.974.432,0
-12.818,-8.337,11.848.565,-27.974.432,0
-1.285,-8.331,11.848.565,-27.974.432,0
-12.854,-8.303,11.848.565,-27.974.432,0
-12.872,-8.276,11.848.565,-27.974.432,0
-12.858,-8.257,11.848.565,-27.974.432,0
-12.864,-8.243,10.577.691,-2.292.297,0
-12.887,-8.244,10.577.691,-2.292.297,0
-1.289,-8.242,10.577.691,-2.292.297,0
-12.914,-8.234,10.577.691,-2.292.297,0
-12.933,-8.239,10.577.691,-2.292.297,0
-12.933,-8.244,10.577.691,-2.292.297,0
-12.936,-8.254,10.577.691,-2.292.297,0
-12.923,-8.258,10.577.691,-2.292.297,0
-12.956,-8.239,10.577.691,-2.292.297,0
-12.961,-8.192,10.577.691,-2.292.297,0
-13.034,-8.113,10.577.691,-2.292.297,0
-13.115,-8.046,10.577.691,-2.292.297,0
-13.084,-8.063,10.577.691,-2.292.297,0
-13.054,-8.108,10.577.691,-2.292.297,0
-12.989,-8.161,10.577.691,-2.292.297,0
-12.975,-8.166,12.503.764,-34.587.314,0
-13.022,-8.137,12.503.764,-34.587.314,0
-13.055,-8.083,12.503.764,-34.587.314,0
-13.102,-8.058,12.503.764,-34.587.314,0
-13.099,-8.064,12.503.764,-34.587.314,0
-13.091,-8.087,12.503.764,-34.587.314,0
-13.115,-8.097,12.503.764,-34.587.314,0
-13.108,-8.107,12.503.764,-34.587.314,0
-13.101,-8.109,12.503.764,-34.587.314,0
-13.067,-8.102,12.503.764,-34.587.314,0
-13.048,-8.085,12.503.764,-34.587.314,0
-13.047,-8.065,12.503.764,-34.587.314,0
-13.057,-8.064,12.503.764,-34.587.314,0
-1.307,-8.079,12.503.764,-34.587.314,0
-13.067,-8.103,12.503.764,-34.587.314,0
-13.106,-812,15.339.924,-5.599.251,0
-13.149,-8.133,15.339.924,-5.599.251,0
-15.779,2.403,49.028.492,-7.826.552,1
-15.726,2.483,49.028.492,-7.826.552,1
-15.693,2.567,49.028.492,-7.826.552,1
-1.567,2.629,4.661.994,-8.072.752,1
-1.559,2.672,4.661.994,-8.072.752,1
-15.506,269,4.661.994,-8.072.752,1
-15.416,2.708,4.661.994,-8.072.752,1
-15.347,2.748,4.661.994,-8.072.752,1
-15.278,2.823,4.661.994,-8.072.752,1
-15.188,2.975,4.661.994,-8.072.752,1
-15.119,3.085,4.661.994,-8.072.752,1
-15.052,3.092,4.661.994,-8.072.752,1
-14.986,3.035,4.661.994,-8.072.752,1
-14.891,295,4.661.994,-8.072.752,1
-14.802,2.894,4.661.994,-8.072.752,1
-1.473,2.865,4.661.994,-8.072.752,1
-14.653,2.847,4.661.994,-8.072.752,1
-14.587,2.832,4.661.994,-8.072.752,1
-14.555,2.813,4.410.779,-5.568.503,1
-1.454,284,4.410.779,-5.568.503,1
-14.547,2.849,4.410.779,-5.568.503,1
-1.456,2.836,4.410.779,-5.568.503,1
-14.546,2.811,4.410.779,-5.568.503,1
-14.488,2.765,4.410.779,-5.568.503,1
-14.399,2.728,4.410.779,-5.568.503,1
-14.294,2.717,4.410.779,-5.568.503,1
-14.178,2.715,4.410.779,-5.568.503,1
-14.064,2.716,4.410.779,-5.568.503,1
-14.017,2.705,4.410.779,-5.568.503,1
-14.035,2.679,4.410.779,-5.568.503,1
-14.062,2.647,4.410.779,-5.568.503,1
-14.049,2.606,4.410.779,-5.568.503,1
-14.043,2.575,4.410.779,-5.568.503,1
-14.041,2.551,4.367.865,-6.385.902,1
-14.044,2.524,4.367.865,-6.385.902,1
-1.401,2.484,4.367.865,-6.385.902,1
-13.959,2.431,4.367.865,-6.385.902,1
-13.894,2.381,4.367.865,-6.385.902,1
-13.827,2.353,4.367.865,-6.385.902,1
-13.764,2.363,4.367.865,-6.385.902,1
-13.678,2.376,4.367.865,-6.385.902,1
-13.612,2.382,4.367.865,-6.385.902,1
-13.541,2.405,4.367.865,-6.385.902,1
-13.535,2.447,4.367.865,-6.385.902,1
-13.533,2.519,4.367.865,-6.385.902,1
-13.588,2.642,4.367.865,-6.385.902,1
-13.606,2.703,4.367.865,-6.385.902,1
-13.626,2.637,4.367.865,-6.385.902,1
-13.643,2.491,4.367.865,-6.385.902,1
-13.645,2.338,43.776.028,-61.268.115,1
-13.668,221,43.776.028,-61.268.115,1
-13.685,2.151,43.776.028,-61.268.115,1
-13.697,2.123,43.776.028,-61.268.115,1
-13.707,2.125,43.776.028,-61.268.115,1
-13.695,2.121,43.776.028,-61.268.115,1
-13.684,2.117,43.776.028,-61.268.115,1
-13.701,2.104,43.776.028,-61.268.115,1
-13.748,209,43.776.028,-61.268.115,1
-13.823,2.076,43.776.028,-61.268.115,1
-13.891,2.034,43.776.028,-61.268.115,1
-13.959,1.943,43.776.028,-61.268.115,1
-1.399,1.833,43.776.028,-61.268.115,1
-13.986,175,43.776.028,-61.268.115,1
-13.993,1.695,43.776.028,-61.268.115,1
-13.992,1.658,4.410.651,-5.984.484,1
-13.988,1.619,4.410.651,-5.984.484,1
-13.969,1.589,4.410.651,-5.984.484,1
-1.391,1.585,4.410.651,-5.984.484,1
-13.824,1.587,4.410.651,-5.984.484,1
-13.774,1.566,4.410.651,-5.984.484,1
-13.754,1.574,4.410.651,-5.984.484,1
-13.741,1.598,4.410.651,-5.984.484,1
-13.727,1.629,4.410.651,-5.984.484,1
-13.727,165,4.410.651,-5.984.484,1
-13.714,1.701,4.410.651,-5.984.484,1
-13.674,1.768,4.410.651,-5.984.484,1
-1.361,1.823,4.410.651,-5.984.484,1
-13.508,1.859,4.410.651,-5.984.484,1
-13.397,1.885,4.410.651,-5.984.484,1
-13.267,1.922,43.243.908,-9.791.286,1
-13.193,2.023,43.243.908,-9.791.286,1
-13.185,2.052,43.243.908,-9.791.286,1
-13.172,0.02,43.243.908,-9.791.286,1
-13.176,1.905,43.243.908,-9.791.286,1
-13.177,1.839,43.243.908,-9.791.286,1
-13.208,181,43.243.908,-9.791.286,1
-13.246,1.826,43.243.908,-9.791.286,1
-13.274,1.852,43.243.908,-9.791.286,1
-13.294,186,43.243.908,-9.791.286,1
-13.321,185,43.243.908,-9.791.286,1
-13.372,1.859,43.243.908,-9.791.286,1
-13.393,1.831,43.243.908,-9.791.286,1
-13.423,1.792,43.243.908,-9.791.286,1
-13.425,1.727,43.243.908,-9.791.286,1
-1.339,1.671,43.243.908,-9.791.286,1
-13.336,1.638,47.027.702,-62.723.303,1
-13.252,1.599,47.027.702,-62.723.303,1
-13.236,1.556,47.027.702,-62.723.303,1
-13.255,1.512,47.027.702,-62.723.303,1
-1.328,1.468,47.027.702,-62.723.303,1
-13.307,1.455,47.027.702,-62.723.303,1
-13.303,1.464,47.027.702,-62.723.303,1
-13.286,1.489,47.027.702,-62.723.303,1
-13.246,1.508,47.027.702,-62.723.303,1
-13.193,1.514,47.027.702,-62.723.303,1
-13.136,1.509,47.027.702,-62.723.303,1
-13.072,1.493,47.027.702,-62.723.303,1
-13.038,1.465,47.027.702,-62.723.303,1
-13.087,1.424,47.027.702,-62.723.303,1
-13.147,1.379,47.027.702,-62.723.303,1
-13.218,1.344,47.027.702,-62.723.303,1
-13.245,1.317,47.027.702,-62.723.303,1
-13.254,1.302,47.027.702,-62.723.303,1
-13.299,1.293,47.027.702,-62.723.303,1
-13.318,1.279,47.027.702,-62.723.303,1
-13.372,1.299,47.027.702,-62.723.303,1
-13.416,1.282,47.027.702,-62.723.303,1
-13.475,1.218,47.027.702,-62.723.303,1
-13.538,1.129,47.027.702,-62.723.303,1
-13.564,102,47.027.702,-62.723.303,1
-13.595,942,47.027.702,-62.723.303,1
-13.636,91,47.027.702,-62.723.303,1
-13.681,941,47.027.702,-62.723.303,1
-13.715,979,47.027.702,-62.723.303,1
-13.689,998,47.027.702,-62.723.303,1
-1.367,1.018,4.479.597,-6.016.244,1
-1.367,1.037,4.479.597,-6.016.244,1
-137,1.053,4.479.597,-6.016.244,1
-13.731,1.056,4.479.597,-6.016.244,1
-13.722,1.038,4.479.597,-6.016.244,1
-13.695,1.014,4.479.597,-6.016.244,1
-13.653,1.003,4.479.597,-6.016.244,1
-1.365,998,4.479.597,-6.016.244,1
-13.691,985,4.479.597,-6.016.244,1
-13.718,952,4.479.597,-6.016.244,1
-13.759,944,4.479.597,-6.016.244,1
-13.791,942,4.479.597,-6.016.244,1
-13.843,922,4.479.597,-6.016.244,1
-13.908,907,4.479.597,-6.016.244,1
-13.929,9,4.479.597,-6.016.244,1
-1.395,915,4.479.597,-6.016.244,1
-13.959,924,46.563.095,-7.273.426,1
-1.396,916,46.563.095,-7.273.426,1
-13.967,892,46.563.095,-7.273.426,1
-13.962,859,46.563.095,-7.273.426,1
-13.957,84,46.563.095,-7.273.426,1
-13.928,819,46.563.095,-7.273.426,1
-1.392,796,46.563.095,-7.273.426,1
-13.907,779,46.563.095,-7.273.426,1
-13.915,753,46.563.095,-7.273.426,1
-13.924,749,46.563.095,-7.273.426,1
-13.957,777,46.563.095,-7.273.426,1
-2.576,-16.345,-38.883.713,-12.063.009,2
-26.236,-16.215,-38.883.713,-12.063.009,2
-26.523,-16.032,-38.883.713,-12.063.009,2
-26.721,-15.853,-41.708.538,-21.155.264,2
-26.796,-15.715,-41.708.538,-21.155.264,2
-26.775,-15.639,-41.708.538,-21.155.264,2
-26.638,-15.567,-41.708.538,-21.155.264,2
-26.509,-15.512,-41.708.538,-21.155.264,2
-26.418,-15.462,-41.708.538,-21.155.264,2
-26.305,-15.378,-41.708.538,-21.155.264,2
-26.231,-15.273,-41.708.538,-21.155.264,2
-26.234,-15.139,-41.708.538,-21.155.264,2
-26.214,-15.001,-41.708.538,-21.155.264,2
-26.151,-14.801,-41.708.538,-21.155.264,2
-26.024,-1.449,-41.708.538,-21.155.264,2
-25.944,-14.089,-41.708.538,-21.155.264,2
-25.802,-13.602,-41.708.538,-21.155.264,2
-25.481,-13.057,-41.708.538,-21.155.264,2
-25.008,-12.452,-41.708.538,-21.155.264,2
-24.385,-11.924,-4.346.794,-17.113.541,2
-23.652,-11.475,-4.346.794,-17.113.541,2
-22.875,-11.044,-4.346.794,-17.113.541,2
-22.206,-10.638,-4.346.794,-17.113.541,2
-21.587,-10.212,-4.346.794,-17.113.541,2
-21.007,-9.766,-4.346.794,-17.113.541,2
-20.607,-9.315,-4.346.794,-17.113.541,2
-20.267,-8.859,-4.346.794,-17.113.541,2
-19.961,-8.383,-4.346.794,-17.113.541,2
-19.683,-7.912,-4.346.794,-17.113.541,2
-19.497,-7.511,-4.346.794,-17.113.541,2
-19.365,-7.136,-4.346.794,-17.113.541,2
-19.213,-6.782,-4.346.794,-17.113.541,2
-1.905,-6.433,-4.346.794,-17.113.541,2
-18.824,-6.116,-4.346.794,-17.113.541,2
-18.597,-579,-4.346.794,-17.113.541,2
-18.233,-551,-4.346.794,-17.113.541,2
-17.903,-5.274,-4.346.794,-17.113.541,2
-17.737,-5.095,-4.346.794,-17.113.541,2
-17.621,-4.938,-4.346.794,-17.113.541,2
-17.493,-4.795,-4.346.794,-17.113.541,2
-17.487,-4.717,-4.346.794,-17.113.541,2
-17.558,-4.664,-4.346.794,-17.113.541,2
-17.611,-4.617,-4.346.794,-17.113.541,2
-17.551,-4.559,-4.346.794,-17.113.541,2
-17.461,-4.533,-4.346.794,-17.113.541,2
-17.365,-4.519,-4.346.794,-17.113.541,2
-17.238,-4.483,-4.346.794,-17.113.541,2
-17.154,-4.422,-4.346.794,-17.113.541,2
-17.136,-4.355,-4.346.794,-17.113.541,2
-17.125,-4.323,-31.415.215,-3.231.413,2
-17.052,-4.289,-31.415.215,-3.231.413,2
-16.947,-4.284,-31.415.215,-3.231.413,2
-16.941,-434,-31.415.215,-3.231.413,2
-16.952,-444,-31.415.215,-3.231.413,2
-17.063,-4.563,-31.415.215,-3.231.413,2
-1.737,-4.728,-31.415.215,-3.231.413,2
-17.828,-4.944,-31.415.215,-3.231.413,2
-18.331,-5.199,-31.415.215,-3.231.413,2
-18.695,-5.447,-31.415.215,-3.231.413,2
-18.975,-5.708,-31.415.215,-3.231.413,2
-19.194,-5.911,-31.415.215,-3.231.413,2
-19.333,-6.021,-31.415.215,-3.231.413,2
-19.309,-6.057,-31.415.215,-3.231.413,2
-19.154,-6.072,-31.415.215,-3.231.413,2
-18.992,-6.101,-3.903.991,-86.487.997,2
-18.872,-6.173,-3.903.991,-86.487.997,2
-18.742,-6.256,-3.903.991,-86.487.997,2
-18.669,-6.332,-3.903.991,-86.487.997,2
-1.861,-6.369,-3.903.991,-86.487.997,2
-18.549,-6.393,-3.903.991,-86.487.997,2
-18.576,-6.392,-3.903.991,-86.487.997,2
-18.557,-6.333,-3.903.991,-86.487.997,2
-18.501,-6.218,-3.903.991,-86.487.997,2
-18.446,-6.092,-3.903.991,-86.487.997,2
-18.411,-5.987,-3.903.991,-86.487.997,2
-1.839,-5.859,-3.903.991,-86.487.997,2
-18.312,-5.716,-3.903.991,-86.487.997,2
-18.247,-5.639,-3.903.991,-86.487.997,2
-18.264,-5.627,-3.903.991,-86.487.997,2
-1.833,-5.674,-3.903.991,-86.487.997,2
-184,-5.736,-36.492.397,-35.126.894,2
-18.437,-5.751,-36.492.397,-35.126.894,2
-18.447,-573,-36.492.397,-35.126.894,2
-18.415,-5.682,-36.492.397,-35.126.894,2
-1.832,-5.652,-36.492.397,-35.126.894,2
-18.246,-5.656,-36.492.397,-35.126.894,2
-18.215,-5.659,-36.492.397,-35.126.894,2
-18.228,-5.703,-36.492.397,-35.126.894,2
-18.251,-581,-36.492.397,-35.126.894,2
-18.295,-5.959,-36.492.397,-35.126.894,2
-18.389,-6.125,-36.492.397,-35.126.894,2
-18.479,-6.254,-36.492.397,-35.126.894,2
-1.857,-6.378,-36.492.397,-35.126.894,2
-18.624,-6.477,-36.492.397,-35.126.894,2
-18.656,-661,-36.492.397,-35.126.894,2
-18.689,-679,-36.492.397,-35.126.894,2
-18.736,-6.958,-36.492.397,-35.126.894,2
-18.833,-714,-36.492.397,-35.126.894,2
-18.913,-7.308,-36.492.397,-35.126.894,2
-18.968,-7.483,-36.492.397,-35.126.894,2
-1.898,-7.656,-36.492.397,-35.126.894,2
-18.941,-7.763,-36.492.397,-35.126.894,2
-1.899,-7.855,-36.492.397,-35.126.894,2
-19.105,-7.901,-36.492.397,-35.126.894,2
-19.115,-7.919,-36.492.397,-35.126.894,2
-19.044,-7.934,-36.492.397,-35.126.894,2
-18.904,-7.945,-36.492.397,-35.126.894,2
-18.766,-7.959,-36.492.397,-35.126.894,2
-18.677,-7.962,-36.492.397,-35.126.894,2
-18.609,-7.991,-36.492.397,-35.126.894,2
-18.568,-805,-36.492.397,-35.126.894,2
-18.547,-8.111,-36.492.397,-35.126.894,2
-18.526,-8.152,-36.492.397,-35.126.894,2
-18.522,-8.197,-36.492.397,-35.126.894,2
-18.509,-8.241,-36.492.397,-35.126.894,2
-18.447,-828,-36.492.397,-35.126.894,2
-1.836,-8.308,-36.492.397,-35.126.894,2
-18.242,-8.336,-36.492.397,-35.126.894,2
-18.108,-8.379,-36.492.397,-35.126.894,2
-1.799,-8.429,-36.492.397,-35.126.894,2
-17.868,-846,-36.492.397,-35.126.894,2
-17.734,-846,-36.492.397,-35.126.894,2
-17.608,-8.464,-36.492.397,-35.126.894,2
-1.751,-8.446,-36.492.397,-35.126.894,2
-17.412,-8.436,-36.492.397,-35.126.894,2
-17.307,-8.447,-3.775.814,-2.026.845,2
-17.203,-8.482,-3.775.814,-2.026.845,2
-17.112,-8.535,-3.775.814,-2.026.845,2
-17.013,-8.584,-3.775.814,-2.026.845,2
-16.909,-8.622,-3.775.814,-2.026.845,2
-16.851,-8.652,-3.775.814,-2.026.845,2
-16.819,-8.665,-3.775.814,-2.026.845,2
-16.779,-8.681,-3.775.814,-2.026.845,2
-16.754,-8.722,-3.775.814,-2.026.845,2
-16.744,-8.805,-3.775.814,-2.026.845,2
-16.775,-8.904,-3.775.814,-2.026.845,2
-16.817,-8.976,-3.775.814,-2.026.845,2
-16.951,-9.048,-3.775.814,-2.026.845,2
-17.051,-9.102,-3.775.814,-2.026.845,2
-17.095,-9.153,-3.775.814,-2.026.845,2
-17.062,-9.179,-37.037.617,-3.716.511,2
-16.975,-9.197,-37.037.617,-3.716.511,2
-16.945,-9.214,-37.037.617,-3.716.511,2
-16.969,-9.246,-37.037.617,-3.716.511,2
-17.058,-9.306,-37.037.617,-3.716.511,2
-17.179,-9.347,-37.037.617,-3.716.511,2
-17.274,-9.381,-37.037.617,-3.716.511,2
-17.337,-9.409,-37.037.617,-3.716.511,2
-17.357,-9.441,-37.037.617,-3.716.511,2
-17.358,-9.486,-37.037.617,-3.716.511,2
-17.345,-9.525,-37.037.617,-3.716.511,2
-17.313,-953,-37.037.617,-3.716.511,2
26.267,-7.908,18.776.932,-8.321.433,3
25.797,-8.183,18.776.932,-8.321.433,3
25.376,-8.442,18.776.932,-8.321.433,3
25.032,-8.684,18.776.932,-8.321.433,3
2.478,-8.885,18.776.932,-8.321.433,3
24.628,-9.064,18.776.932,-8.321.433,3
24.634,-9.201,18.776.932,-8.321.433,3
24.709,-9.272,18.776.932,-8.321.433,3
24.769,-9.296,18.776.932,-8.321.433,3
24.822,-9.322,18.776.932,-8.321.433,3
249,-9.365,18.776.932,-8.321.433,3
24.862,-9.415,18.776.932,-8.321.433,3
24.752,-9.485,18.776.932,-8.321.433,3
24.652,-96,18.776.932,-8.321.433,3
24.577,-9.774,18.776.932,-8.321.433,3
24.504,-9.952,18.776.932,-8.321.433,3
24.403,-10.128,18.776.932,-8.321.433,3
24.302,-10.246,18.776.932,-8.321.433,3
2.425,-10.315,18.776.932,-8.321.433,3
24.249,-10.352,18.776.932,-8.321.433,3
24.319,-10.361,18.776.932,-8.321.433,3
24.414,-10.363,18.776.932,-8.321.433,3
24.564,-10.358,18.776.932,-8.321.433,3
24.772,-10.324,18.776.932,-8.321.433,3
25.007,-10.277,18.776.932,-8.321.433,3
25.281,-10.186,18.776.932,-8.321.433,3
25.567,-10.068,18.776.932,-8.321.433,3
25.859,-9.925,18.776.932,-8.321.433,3
26.112,-9.747,18.776.932,-8.321.433,3
2.627,-9.554,18.776.932,-8.321.433,3
26.393,-9.381,18.776.932,-8.321.433,3
26.472,-9.227,18.776.932,-8.321.433,3
2.648,-9.126,18.776.932,-8.321.433,3
26.469,-9.072,18.776.932,-8.321.433,3
26.447,-9.059,18.776.932,-8.321.433,3
26.432,-9.069,18.776.932,-8.321.433,3
26.407,-9.101,18.776.932,-8.321.433,3
26.394,-9.119,18.776.932,-8.321.433,3
26.313,-913,18.776.932,-8.321.433,3
26.269,-9.138,18.776.932,-8.321.433,3
26.267,-9.152,18.776.932,-8.321.433,3
26.331,-916,18.776.932,-8.321.433,3
26.388,-9.161,18.776.932,-8.321.433,3
26.385,-9.174,18.776.932,-8.321.433,3
26.374,-9.188,18.776.932,-8.321.433,3
26.291,-9.206,18.776.932,-8.321.433,3
26.211,-9.235,18.776.932,-8.321.433,3
26.132,-9.287,18.776.932,-8.321.433,3
26.094,-9.342,18.776.932,-8.321.433,3
26.108,-9.376,18.776.932,-8.321.433,3
26.155,-9.364,18.776.932,-8.321.433,3
26.197,-9.321,18.776.932,-8.321.433,3
26.225,-9.248,18.776.932,-8.321.433,3
26.214,-9.163,18.776.932,-8.321.433,3
26.143,-9.116,18.776.932,-8.321.433,3
26.027,-9.093,18.776.932,-8.321.433,3
25.785,-9.111,18.776.932,-8.321.433,3
25.434,-9.147,18.776.932,-8.321.433,3
25.103,-9.212,18.776.932,-8.321.433,3
2.484,-9.289,18.776.932,-8.321.433,3
24.572,-9.379,18.776.932,-8.321.433,3
24.316,-9.454,18.776.932,-8.321.433,3
24.096,-9.511,18.776.932,-8.321.433,3
23.985,-9.524,18.776.932,-8.321.433,3
23.937,-95,18.776.932,-8.321.433,3
23.914,-9.465,18.776.932,-8.321.433,3
23.908,-9.424,18.776.932,-8.321.433,3
23.957,-9.399,18.776.932,-8.321.433,3
24.038,-9.408,18.776.932,-8.321.433,3
24.012,-9.455,18.776.932,-8.321.433,3
23.946,-9.536,18.776.932,-8.321.433,3
23.874,-9.618,18.776.932,-8.321.433,3
23.844,-9.674,18.776.932,-8.321.433,3
2.384,-969,18.776.932,-8.321.433,3
23.919,-9.662,18.776.932,-8.321.433,3
24.098,-96,18.776.932,-8.321.433,3
24.318,-9.516,18.776.932,-8.321.433,3
24.576,-9.431,18.776.932,-8.321.433,3
24.847,-9.315,18.776.932,-8.321.433,3
24.971,-9.163,18.776.932,-8.321.433,3
25.058,-9.028,18.776.932,-8.321.433,3
25.114,-8.896,18.776.932,-8.321.433,3
25.127,-8.764,18.776.932,-8.321.433,3
25.061,-8.607,18.776.932,-8.321.433,3
24.918,-8.443,18.776.932,-8.321.433,3
2.473,-8.303,18.776.932,-8.321.433,3
24.542,-8.202,18.776.932,-8.321.433,3
24.339,-812,18.776.932,-8.321.433,3
24.175,-8.023,18.776.932,-8.321.433,3
24.014,-7.923,18.776.932,-8.321.433,3
23.847,-7.851,18.776.932,-8.321.433,3
23.615,-7.816,18.776.932,-8.321.433,3
23.377,-7.788,18.776.932,-8.321.433,3
2.314,-776,18.776.932,-8.321.433,3
22.875,-77,18.776.932,-8.321.433,3
22.592,-7.595,18.776.932,-8.321.433,3
2.225,-7.503,18.776.932,-8.321.433,3
21.945,-7.429,18.776.932,-8.321.433,3
21.694,-7.382,18.776.932,-8.321.433,3
21.465,-7.352,18.776.932,-8.321.433,3
21.261,-734,18.776.932,-8.321.433,3
21.144,-7.313,18.776.932,-8.321.433,3
21.049,-7.259,18.776.932,-8.321.433,3
20.982,-7.203,18.776.932,-8.321.433,3
20.901,-7.199,18.776.932,-8.321.433,3
20.716,-7.265,18.776.932,-8.321.433,3
20.454,-7.395,18.776.932,-8.321.433,3
2.003,-7.571,18.776.932,-8.321.433,3
19.468,-7.784,18.776.932,-8.321.433,3
18.819,-8.035,18.776.932,-8.321.433,3
18.172,-8.267,18.776.932,-8.321.433,3
17.678,-8.432,18.776.932,-8.321.433,3
17.233,-8.542,18.776.932,-8.321.433,3
16.902,-8.629,18.776.932,-8.321.433,3
16.661,-87,18.776.932,-8.321.433,3
16.583,-876,18.776.932,-8.321.433,3
16.548,-8.804,18.776.932,-8.321.433,3
16.539,-8.835,18.776.932,-8.321.433,3
16.565,-8.838,18.776.932,-8.321.433,3
16.611,-8.814,18.776.932,-8.321.433,3
16.634,-8.791,18.776.932,-8.321.433,3
16.734,-8.784,18.776.932,-8.321.433,3
16.902,-8.753,18.776.932,-8.321.433,3
17.043,-874,18.776.932,-8.321.433,3
17.125,-8.755,18.776.932,-8.321.433,3
17.117,-8.783,18.776.932,-8.321.433,3
16.982,-8.825,18.776.932,-8.321.433,3
16.849,-887,18.776.932,-8.321.433,3
16.727,-8.885,18.776.932,-8.321.433,3
16.575,-8.881,18.776.932,-8.321.433,3
16.428,-8.896,18.776.932,-8.321.433,3
16.335,-8.898,1.574.112,-82.667.265,3
16.216,-891,1.574.112,-82.667.265,3
16.116,-8.934,1.574.112,-82.667.265,3
16.063,-8.973,1.574.112,-82.667.265,3
15.996,-902,1.574.112,-82.667.265,3
15.918,-9.059,1.574.112,-82.667.265,3
15.868,-9.099,1.574.112,-82.667.265,3
15.878,-9.111,1.574.112,-82.667.265,3
15.985,-9.097,1.574.112,-82.667.265,3
16.211,-9.052,1.574.112,-82.667.265,3
164,-9.013,1.574.112,-82.667.265,3
16.574,-9.001,1.574.112,-82.667.265,3
16.802,-8.975,1.574.112,-82.667.265,3
16.874,-8.887,1.574.112,-82.667.265,3
16.757,-8.775,1.574.112,-82.667.265,3
16.604,-867,1.574.112,-82.667.265,3
16.509,-861,11.245.909,-58.550.515,3
16.331,-8.626,11.245.909,-58.550.515,3
16.185,-8.686,11.245.909,-58.550.515,3
16.093,-8.737,11.245.909,-58.550.515,3
16.122,-8.748,11.245.909,-58.550.515,3
1.772,-2.099,-12.623.629,11.790.585,4
1.873,-20.712,-12.623.629,11.790.585,4
2.053,-20.312,-12.623.629,11.790.585,4
2.351,-19.817,-12.623.629,11.790.585,4
2.667,-19.331,-12.623.629,11.790.585,4
2.972,-18.908,-12.623.629,11.790.585,4
3.137,-18.542,-12.623.629,11.790.585,4
3.199,-18.191,-12.623.629,11.790.585,4
3.189,-17.825,-12.623.629,11.790.585,4
4.776,-15.459,-926.254,7.269.497,4
5.063,-15.286,-926.254,7.269.497,4
5.303,-15.197,-926.254,7.269.497,4
5.544,-15.167,-926.254,7.269.497,4
5.926,-15.217,-926.254,7.269.497,4
6.573,-1.533,-926.254,7.269.497,4
7.369,-15.523,-926.254,7.269.497,4
8.205,-15.747,-926.254,7.269.497,4
9.066,-15.976,-6.199.209,9.468.422,4
9.917,-16.239,-6.199.209,9.468.422,4
10.712,-16.638,-6.199.209,9.468.422,4
11.477,-17.271,-6.199.209,9.468.422,4
12.229,-18.078,-6.199.209,9.468.422,4
12.993,-1.892,-6.199.209,9.468.422,4
13.713,-19.763,-6.199.209,9.468.422,4
14.326,-2.063,-6.199.209,9.468.422,4
14.846,-21.535,-6.199.209,9.468.422,4
15.235,-22.458,-6.199.209,9.468.422,4
1.538,-23.254,-6.199.209,9.468.422,4
1.528,-23.913,-6.199.209,9.468.422,4
15.084,-24.413,-6.199.209,9.468.422,4
14.895,-24.907,-6.199.209,9.468.422,4
14.728,-253,-6.199.209,9.468.422,4
14.547,-256,91.247.505,63.251.996,4
14.253,-25.854,91.247.505,63.251.996,4
13.832,-26.117,91.247.505,63.251.996,4
13.363,-26.363,91.247.505,63.251.996,4
13.017,-2.654,91.247.505,63.251.996,4
12.827,-26.613,91.247.505,63.251.996,4
12.755,-26.605,91.247.505,63.251.996,4
12.784,-26.518,91.247.505,63.251.996,4
1.286,-26.364,91.247.505,63.251.996,4
0.13,-26.175,91.247.505,63.251.996,4
13.073,-25.974,91.247.505,63.251.996,4
13.084,-25.793,91.247.505,63.251.996,4
13.083,-2.562,91.247.505,63.251.996,4
13.079,-25.462,91.247.505,63.251.996,4
13.117,-25.291,91.247.505,63.251.996,4
13.154,-25.088,91.247.505,63.251.996,4
13.166,-24.859,91.247.505,63.251.996,4
13.211,-24.621,91.247.505,63.251.996,4
13.245,-24.385,91.247.505,63.251.996,4
13.235,-24.168,91.247.505,63.251.996,4
13.124,-23.971,91.247.505,63.251.996,4
12.958,-23.809,91.247.505,63.251.996,4
1.284,-23.709,91.247.505,63.251.996,4
12.673,-23.653,91.247.505,63.251.996,4
12.492,-23.667,91.247.505,63.251.996,4
12.296,-23.727,91.247.505,63.251.996,4
12.116,-2.381,91.247.505,63.251.996,4
11.976,-23.914,91.247.505,63.251.996,4
1.191,-23.981,91.247.505,63.251.996,4
1.183,-23.984,91.247.505,63.251.996,4
11.784,-23.857,-17.758.142,18.389.065,4
11.756,-23.619,-17.758.142,18.389.065,4
11.782,-23.345,-17.758.142,18.389.065,4
11.812,-23.082,-17.758.142,18.389.065,4
11.823,-22.832,-17.758.142,18.389.065,4
11.807,-22.602,-17.758.142,18.389.065,4
11.812,-22.384,-17.758.142,18.389.065,4
11.854,-22.177,-17.758.142,18.389.065,4
11.916,-21.982,-17.758.142,18.389.065,4
11.999,-21.834,-17.758.142,18.389.065,4
12.064,-21.717,-17.758.142,18.389.065,4
12.092,-21.594,-17.758.142,18.389.065,4
12.101,-2.143,-17.758.142,18.389.065,4
12.133,-21.251,-17.758.142,18.389.065,4
12.176,-21.124,-17.758.142,18.389.065,4
12.173,-21.033,-16.677.021,15.031.886,4
12.159,-20.973,-16.677.021,15.031.886,4
1.218,-2.095,-16.677.021,15.031.886,4
12.213,-20.938,-16.677.021,15.031.886,4
12.272,-20.904,-16.677.021,15.031.886,4
12.324,-20.846,-16.677.021,15.031.886,4
1.232,-20.775,-16.677.021,15.031.886,4
12.242,-20.706,-16.677.021,15.031.886,4
12.087,-20.656,-16.677.021,15.031.886,4
11.869,-20.636,-16.677.021,15.031.886,4
11.605,-20.632,-16.677.021,15.031.886,4
11.338,-20.637,-16.677.021,15.031.886,4
11.152,-20.687,-16.677.021,15.031.886,4
11.046,-20.692,-16.677.021,15.031.886,4
10.993,-20.634,-16.677.021,15.031.886,4
1.097,-2.052,-14.856.239,1.585.125,4
10.986,-20.391,-14.856.239,1.585.125,4
11.019,-20.327,-14.856.239,1.585.125,4
11.052,-20.315,-14.856.239,1.585.125,4
11.068,-20.325,-14.856.239,1.585.125,4
1.111,-20.333,-14.856.239,1.585.125,4
11.165,-2.034,-14.856.239,1.585.125,4
11.186,-20.322,-14.856.239,1.585.125,4
11.171,-20.272,-14.856.239,1.585.125,4
11.141,-20.204,-14.856.239,1.585.125,4
11.072,-20.132,-14.856.239,1.585.125,4
10.958,-20.045,-14.856.239,1.585.125,4
10.855,-19.948,-14.856.239,1.585.125,4
10.768,-19.868,-14.856.239,1.585.125,4
10.704,-19.828,-14.856.239,1.585.125,4
10.658,-19.834,-14.856.239,1.585.125,4
10.602,-19.845,-14.133.882,10.735.386,4
10.547,-19.842,-14.133.882,10.735.386,4
10.523,-19.834,-14.133.882,10.735.386,4
10.493,-19.834,-14.133.882,10.735.386,4
10.492,-19.831,-14.133.882,10.735.386,4
1.051,-19.831,-14.133.882,10.735.386,4
10.536,-19.813,-14.133.882,10.735.386,4
10.515,-19.777,-14.133.882,10.735.386,4
10.428,-19.762,-14.133.882,10.735.386,4
10.334,-19.776,-14.133.882,10.735.386,4
10.194,-19.788,-14.133.882,10.735.386,4
1.009,-1.981,-14.133.882,10.735.386,4
1.001,-19.836,-14.133.882,10.735.386,4
9.908,-19.854,-14.133.882,10.735.386,4
9.858,-1.987,-14.133.882,10.735.386,4
9.759,-19.872,-11.780.278,8.277.815,4
9.649,-19.873,-11.780.278,8.277.815,4
961,-1.984,-11.780.278,8.277.815,4
9.639,-19.786,-11.780.278,8.277.815,4
9.765,-19.736,-11.780.278,8.277.815,4
9.824,-19.735,-11.780.278,8.277.815,4
9.781,-19.748,-11.780.278,8.277.815,4
9.689,-19.745,-11.780.278,8.277.815,4
9.621,-19.729,-11.780.278,8.277.815,4
9.629,-19.698,-11.780.278,8.277.815,4
9.652,-1.965,-11.780.278,8.277.815,4
9.619,-19.603,-11.780.278,8.277.815,4
956,-19.544,-11.780.278,8.277.815,4
9.498,-1.947,-11.780.278,8.277.815,4
9.473,-19.384,-11.780.278,8.277.815,4
948,-19.329,-1.335.865,1.007.485,4
9.455,-19.338,-1.335.865,1.007.485,4
9.392,-19.419,-1.335.865,1.007.485,4
934,-19.505,-1.335.865,1.007.485,4
9.336,-19.567,-1.335.865,1.007.485,4
9.371,-19.594,-1.335.865,1.007.485,4
9.417,-19.591,-1.335.865,1.007.485,4
9.455,-19.558,-1.335.865,1.007.485,4
9.456,-19.513,-1.335.865,1.007.485,4
9.495,-19.455,-1.335.865,1.007.485,4
9.513,-19.409,-1.335.865,1.007.485,4
9.513,-19.384,-1.335.865,1.007.485,4
9.492,-19.373,-1.335.865,1.007.485,4
942,-19.354,36.765,23.649,4