-11.461,-8.852,8.989.393,-18.158.907,0
-11.342,-892,8.989.393,-18.158.907,0
-11.299,-8.929,8.989.393,-18.158.907,0
-1.129,-8.888,8.989.393,-18.158.907,0
-11.344,-8.842,8.989.393,-18.158.907,0
-11.387,-8.811,8.989.393,-18.158.907,0
-11.441,-8.814,8.989.393,-18.158.907,0
-1.149,-8.836,8.989.393,-18.158.907,0
-11.509,-8.835,8.989.393,-18.158.907,0
-11.531,-8.811,8.989.393,-18.158.907,0
-11.527,-8.779,8.989.393,-18.158.907,0
-1.154,-8.761,8.989.393,-18.158.907,0
-11.544,-875,8.989.393,-18.158.907,0
-11.537,-874,9.083.791,-7.824.709,0
-11.551,-8.732,9.083.791,-7.824.709,0
-11.561,-8.727,9.083.791,-7.824.709,0
-11.574,-8.737,9.083.791,-7.824.709,0
-11.585,-8.743,9.083.791,-7.824.709,0
-11.565,-8.739,9.083.791,-7.824.709,0
-11.554,-8.735,9.083.791,-7.824.709,0
-11.563,-8.726,9.083.791,-7.824.709,0
-1.159,-8.721,9.083.791,-7.824.709,0
-11.627,-8.705,9.083.791,-7.824.709,0
-11.633,-8.697,9.083.791,-7.824.709,0
-11.656,-8.704,9.083.791,-7.824.709,0
-11.674,-8.704,9.083.791,-7.824.709,0
-11.663,-8.677,9.083.791,-7.824.709,0
-11.628,-8.652,9.083.791,-7.824.709,0
-11.597,-864,9.083.791,-7.824.709,0
-11.598,-8.619,8.324.533,-93.014.824,0
-11.631,-86,8.324.533,-93.014.824,0
-11.635,-8.569,8.324.533,-93.014.824,0
-117,-8.525,8.324.533,-93.014.824,0
-11.655,-8.541,8.324.533,-93.014.824,0
-11.588,-8.552,8.324.533,-93.014.824,0
-11.504,-8.576,8.324.533,-93.014.824,0
-11.415,-8.587,8.324.533,-93.014.824,0
-11.405,-8.591,8.324.533,-93.014.824,0
-11.439,-8.598,8.324.533,-93.014.824,0
-11.507,-8.614,8.324.533,-93.014.824,0
-11.561,-8.643,8.324.533,-93.014.824,0
-11.571,-8.676,8.324.533,-93.014.824,0
-11.624,-8.692,8.324.533,-93.014.824,0
-11.676,-8.706,8.324.533,-93.014.824,0
-11.723,-8.734,8.324.533,-93.014.824,0
-11.767,-8.762,78.344.154,-13.076.361,0
-11.791,-8.776,78.344.154,-13.076.361,0
-11.829,-8.779,78.344.154,-13.076.361,0
-11.858,-8.784,78.344.154,-13.076.361,0
-11.872,-8.786,78.344.154,-13.076.361,0
-11.885,-8.794,78.344.154,-13.076.361,0
-11.866,-8.806,78.344.154,-13.076.361,0
-11.866,-882,78.344.154,-13.076.361,0
-11.897,-8.832,78.344.154,-13.076.361,0
-1.194,-8.826,78.344.154,-13.076.361,0
-11.984,-8.808,78.344.154,-13.076.361,0
-12.004,-8.788,78.344.154,-13.076.361,0
-12.036,-8.778,78.344.154,-13.076.361,0
-12.031,-8.755,78.344.154,-13.076.361,0
-12.012,-8.732,7.841.278,-10.893.518,0
-12.007,-8.704,7.841.278,-10.893.518,0
-11.989,-867,7.841.278,-10.893.518,0
-11.962,-8.627,7.841.278,-10.893.518,0
-11.877,-8.574,7.841.278,-10.893.518,0
-11.815,-8.529,7.841.278,-10.893.518,0
-11.777,-8.478,7.841.278,-10.893.518,0
-11.795,-8.414,7.841.278,-10.893.518,0
-11.779,-8.372,7.841.278,-10.893.518,0
-11.734,-8.377,7.841.278,-10.893.518,0
-11.657,-8.405,7.841.278,-10.893.518,0
-11.584,-8.457,7.841.278,-10.893.518,0
-11.512,-8.491,7.841.278,-10.893.518,0
-11.523,-8.506,7.841.278,-10.893.518,0
-1.154,-8.482,7.841.278,-10.893.518,0
-11.563,-8.445,7.841.278,-10.893.518,0
-11.625,-8.433,9.460.747,-16.671.318,0
-11.662,-8.412,9.460.747,-16.671.318,0
-11.721,-8.399,9.460.747,-16.671.318,0
-11.788,-8.391,9.460.747,-16.671.318,0
-11.806,-8.384,9.460.747,-16.671.318,0
-11.811,-8.383,9.460.747,-16.671.318,0
-11.795,-8.365,9.460.747,-16.671.318,0
-11.806,-8.352,9.460.747,-16.671.318,0
-11.837,-8.347,9.460.747,-16.671.318,0
-11.877,-8.344,9.460.747,-16.671.318,0
-11.911,-8.341,9.460.747,-16.671.318,0
-11.959,-835,9.460.747,-16.671.318,0
-11.986,-835,9.460.747,-16.671.318,0
-0.12,-8.346,9.460.747,-16.671.318,0
-1.198,-8.332,9.460.747,-16.671.318,0
-11.982,-8.317,10.476.654,-2.780.448,0
-11.997,-8.312,10.476.654,-2.780.448,0
-12.022,-8.298,10.476.654,-2.780.448,0
-12.052,-8.286,10.476.654,-2.780.448,0
-12.056,-8.282,10.476.654,-2.780.448,0
-12.089,-8.288,10.476.654,-2.780.448,0
-12.097,-8.295,10.476.654,-2.780.448,0
-12.072,-8.307,10.476.654,-2.780.448,0
-12.083,-8.305,10.476.654,-2.780.448,0
-12.089,-8.273,10.476.654,-2.780.448,0
-12.105,-8.216,10.476.654,-2.780.448,0
-12.177,-8.123,10.476.654,-2.780.448,0
-12.205,-8.062,10.476.654,-2.780.448,0
-12.258,-8.079,10.476.654,-2.780.448,0
-12.284,-8.159,8.989.344,-18.266.444,0
-12.292,-8.303,8.989.344,-18.266.444,0
-12.329,-845,8.989.344,-18.266.444,0
-12.371,-8.543,8.989.344,-18.266.444,0
-1.244,-8.559,8.989.344,-18.266.444,0
-12.455,-8.507,8.989.344,-18.266.444,0
-12.444,-8.432,8.989.344,-18.266.444,0
-12.456,-8.334,8.989.344,-18.266.444,0
-12.472,-8.201,8.989.344,-18.266.444,0
-12.516,-8.081,8.989.344,-18.266.444,0
-12.526,-7.998,8.989.344,-18.266.444,0
-12.543,-795,8.989.344,-18.266.444,0
-1.257,-7.932,8.989.344,-18.266.444,0
-12.599,-792,8.989.344,-18.266.444,0
-12.674,-7.906,8.989.344,-18.266.444,0
-12.728,-788,8.989.344,-18.266.444,0
-12.773,-7.835,8.989.344,-18.266.444,0
-12.778,-7.784,943.037,-17.412.726,0
-12.734,-7.729,943.037,-17.412.726,0
-12.705,-7.674,943.037,-17.412.726,0
-12.652,-763,943.037,-17.412.726,0
-12.632,-7.612,943.037,-17.412.726,0
-12.609,-7.596,943.037,-17.412.726,0
-12.587,-7.604,943.037,-17.412.726,0
-12.587,-7.642,943.037,-17.412.726,0
-12.614,-7.684,943.037,-17.412.726,0
-12.643,-7.716,943.037,-17.412.726,0
-12.695,-7.753,943.037,-17.412.726,0
-12.685,-7.804,943.037,-17.412.726,0
-12.694,-7.867,943.037,-17.412.726,0
-12.683,-7.923,943.037,-17.412.726,0
-12.734,-7.951,14.102.533,-27.096.624,0
-12.824,-7.921,14.102.533,-27.096.624,0
-12.812,-7.944,14.102.533,-27.096.624,0
-12.797,-7.964,14.102.533,-27.096.624,0
-12.762,-8.011,14.102.533,-27.096.624,0
-12.778,-8.069,14.102.533,-27.096.624,0
-12.846,-8.097,14.102.533,-27.096.624,0
-12.965,-8.104,14.102.533,-27.096.624,0
-13.061,-8.121,14.102.533,-27.096.624,0
-13.146,-8.156,14.102.533,-27.096.624,0
-13.207,-8.203,14.102.533,-27.096.624,0
-13.293,-8.237,14.102.533,-27.096.624,0
-13.353,-8.274,14.102.533,-27.096.624,0
-13.401,-8.304,14.102.533,-27.096.624,0
-13.409,-8.329,14.102.533,-27.096.624,0
-13.409,-8.326,14.102.533,-27.096.624,0
-13.435,-8.325,16.004.492,-30.570.498,0
-13.456,-8.329,16.004.492,-30.570.498,0
-13.483,-834,16.004.492,-30.570.498,0
-13.507,-837,16.004.492,-30.570.498,0
-13.536,-8.401,16.004.492,-30.570.498,0
-13.582,-8.441,16.004.492,-30.570.498,0
-13.606,-8.459,16.004.492,-30.570.498,0
-13.622,-8.484,16.004.492,-30.570.498,0
-1.363,-8.503,16.004.492,-30.570.498,0
-13.626,-851,16.004.492,-30.570.498,0
-13.634,-8.522,16.004.492,-30.570.498,0
-13.621,-8.513,16.004.492,-30.570.498,0
-13.605,-8.509,16.004.492,-30.570.498,0
-13.595,-8.496,16.004.492,-30.570.498,0
-13.594,-8.509,16.004.492,-30.570.498,0
-1.358,-8.535,11.163.518,-2.648.443,0
-13.555,-8.563,11.163.518,-2.648.443,0
-13.515,-8.564,11.163.518,-2.648.443,0
-13.545,-8.527,11.163.518,-2.648.443,0
-13.563,-8.492,11.163.518,-2.648.443,0
-13.531,-8.498,11.163.518,-2.648.443,0
-13.451,-8.512,11.163.518,-2.648.443,0
-13.369,-8.558,11.163.518,-2.648.443,0
-13.309,-8.577,11.163.518,-2.648.443,0
-13.321,-8.591,11.163.518,-2.648.443,0
-13.361,-8.577,11.163.518,-2.648.443,0
-13.373,-8.557,11.163.518,-2.648.443,0
-13.365,-8.557,11.163.518,-2.648.443,0
-13.326,-8.544,11.163.518,-2.648.443,0
-13.315,-8.532,11.163.518,-2.648.443,0
-13.347,-8.532,11.163.518,-2.648.443,0
-13.346,-8.535,11.382.164,-25.120.356,0
-13.341,-8.528,11.382.164,-25.120.356,0
-13.324,-8.518,11.382.164,-25.120.356,0
-13.279,-8.505,11.382.164,-25.120.356,0
-13.244,-8.494,11.382.164,-25.120.356,0
-13.223,-8.487,11.382.164,-25.120.356,0
-13.231,-8.487,11.382.164,-25.120.356,0
-13.219,-8.489,11.382.164,-25.120.356,0
-13.182,-8.504,11.382.164,-25.120.356,0
-13.157,-8.523,11.382.164,-25.120.356,0
-13.128,-8.529,11.382.164,-25.120.356,0
-13.146,-8.532,11.382.164,-25.120.356,0
-13.165,-853,11.382.164,-25.120.356,0
-13.201,-8.537,11.382.164,-25.120.356,0
-13.244,-8.547,11.382.164,-25.120.356,0
-13.249,-8.567,11.882.681,-20.535.195,0
-13.272,-8.592,11.882.681,-20.535.195,0
-13.246,-8.631,11.882.681,-20.535.195,0
-13.249,-8.666,11.882.681,-20.535.195,0
-13.268,-8.675,11.882.681,-20.535.195,0
-13.285,-866,11.882.681,-20.535.195,0
-13.305,-8.598,11.882.681,-20.535.195,0
-13.352,-8.526,11.882.681,-20.535.195,0
-13.344,-8.505,11.882.681,-20.535.195,0
-13.322,-8.545,11.882.681,-20.535.195,0
-13.264,-8.601,11.882.681,-20.535.195,0
-13.219,-8.656,11.882.681,-20.535.195,0
-13.193,-8.677,11.882.681,-20.535.195,0
-13.196,-866,11.882.681,-20.535.195,0
-13.211,-8.618,11.882.681,-20.535.195,0
-13.156,-8.586,11.848.565,-27.974.432,0
-13.078,-8.593,11.848.565,-27.974.432,0
-13.015,-8.611,11.848.565,-27.974.432,0
-12.956,-862,11.848.565,-27.974.432,0
-12.942,-8.594,11.848.565,-27.974.432,0
-12.904,-8.532,11.848.565,-27.974.432,0
-12.896,-8.462,11.848.565,-27.974.432,0
-12.881,-8.402,11.848.565,-27.974.432,0
-12.862,-8.356,11.848.565,-27.974.432,0
-12.855,-834,11.848.565,-27.974.432,0
-12.806,-8.337,11.848.565,-27.974.432,0
-12.818,-8.337,11.848.565,-27.974.432,0
-1.285,-8.331,11.848.565,-27.974.432,0
-12.854,-8.303,11.848.565,-27.974.432,0
-12.872,-8.276,11.848.565,-27.974.432,0
-12.858,-8.257,11.848.565,-27.974.432,0
-12.864,-8.243,10.577.691,-2.292.297,0
-12.887,-8.244,10.577.691,-2.292.297,0
-1.289,-8.242,10.577.691,-2.292.297,0
-12.914,-8.234,10.577.691,-2.292.297,0
-12.933,-8.239,10.577.691,-2.292.297,0
-12.933,-8.244,10.577.691,-2.292.297,0
-12.936,-8.254,10.577.691,-2.292.297,0
-12.923,-8.258,10.577.691,-2.292.297,0
-12.956,-8.239,10.577.691,-2.292.297,0
-12.961,-8.192,10.577.691,-2.292.297,0
-13.034,-8.113,10.577.691,-2.292.297,0
-13.115,-8.046,10.577.691,-2.292.297,0
-13.084,-8.063,10.577.691,-2.292.297,0
-13.054,-8.108,10.577.691,-2.292.297,0
-12.989,-8.161,10.577.691,-2.292.297,0
-12.975,-8.166,12.503.764,-34.587.314,0
-13.022,-8.137,12.503.764,-34.587.314,0
-13.055,-8.083,12.503.764,-34.587.314,0
-13.102,-8.058,12.503.764,-34.587.314,0
-13.099,-8.064,12.503.764,-34.587.314,0
-13.091,-8.087,12.503.764,-34.587.314,0
-13.115,-8.097,12.503.764,-34.587.314,0
-13.108,-8.107,12.503.764,-34.587.314,0
-13.101,-8.109,12.503.764,-34.587.314,0
-13.067,-8.102,12.503.764,-34.587.314,0
-13.048,-8.085,12.503.764,-34.587.314,0
-13.047,-8.065,12.503.764,-34.587.314,0
-13.057,-8.064,12.503.764,-34.587.314,0
-1.307,-8.079,12.503.764,-34.587.314,0
-13.067,-8.103,12.503.764,-34.587.314,0
-13.106,-812,15.339.924,-5.599.251,0
-13.149,-8.133,15.339.924,-5.599.251,0
-12.302,6.861,4.788.465,-9.978.625,1
-12.279,6.829,4.788.465,-9.978.625,1
-12.126,6.749,4.788.465,-9.978.625,1
-11.925,6.619,4.788.465,-9.978.625,1
-11.835,6.505,4.788.465,-9.978.625,1
-11.755,644,4.788.465,-9.978.625,1
-11.687,6.419,4.788.465,-9.978.625,1
-11.761,6.426,4.788.465,-9.978.625,1
-11.938,6.417,4.788.465,-9.978.625,1
-12.086,6.379,4.710.556,-92.887.745,1
-12.211,6.333,4.710.556,-92.887.745,1
-12.215,6.324,4.710.556,-92.887.745,1
-12.093,6.341,4.710.556,-92.887.745,1
-11.814,6.261,4.710.556,-92.887.745,1
-11.462,6.088,4.710.556,-92.887.745,1
-11.185,5.887,4.710.556,-92.887.745,1
-10.961,5.707,4.710.556,-92.887.745,1
-10.817,5.614,4.710.556,-92.887.745,1
-10.872,5.658,4.710.556,-92.887.745,1
-1.111,5.821,4.710.556,-92.887.745,1
-11.435,6.011,4.710.556,-92.887.745,1
-11.711,6.133,4.710.556,-92.887.745,1
-11.874,618,4.710.556,-92.887.745,1
-11.952,6.173,4.710.556,-92.887.745,1
-11.968,6.119,486.856,-9.179.097,1
-11.965,6.024,486.856,-9.179.097,1
-11.981,5.889,486.856,-9.179.097,1
-12.018,5.738,486.856,-9.179.097,1
-12.106,5.557,486.856,-9.179.097,1
-12.215,5.345,486.856,-9.179.097,1
-12.434,5.118,486.856,-9.179.097,1
-12.692,4.919,486.856,-9.179.097,1
-12.992,4.746,486.856,-9.179.097,1
-13.329,4.538,486.856,-9.179.097,1
-13.663,4.265,486.856,-9.179.097,1
-14.023,3.974,486.856,-9.179.097,1
-14.315,3.733,486.856,-9.179.097,1
-14.519,3.578,486.856,-9.179.097,1
-1.464,3.504,486.856,-9.179.097,1
-14.726,3.455,486.856,-9.179.097,1
-148,3.379,4.884.006,-89.026.375,1
-14.916,3.257,4.884.006,-89.026.375,1
-15.074,3.071,4.884.006,-89.026.375,1
-15.263,2.853,4.884.006,-89.026.375,1
-15.482,2.633,4.884.006,-89.026.375,1
-15.696,2.421,4.884.006,-89.026.375,1
-15.815,2.253,4.884.006,-89.026.375,1
-15.946,213,4.884.006,-89.026.375,1
-16.008,1.986,4.884.006,-89.026.375,1
-15.963,1.845,4.884.006,-89.026.375,1
-1.586,1.741,4.884.006,-89.026.375,1
-15.786,1.691,4.884.006,-89.026.375,1
-15.721,1.702,4.884.006,-89.026.375,1
-15.647,1.748,4.884.006,-89.026.375,1
-15.533,1.803,4.884.006,-89.026.375,1
-15.377,1.877,48.195.705,-10.300.249,1
-15.241,1.961,48.195.705,-10.300.249,1
-15.172,2.044,48.195.705,-10.300.249,1
-15.189,2.091,48.195.705,-10.300.249,1
-15.153,2.111,48.195.705,-10.300.249,1
-15.065,2.149,48.195.705,-10.300.249,1
-15.019,2.186,48.195.705,-10.300.249,1
-1.502,2.153,48.195.705,-10.300.249,1
-15.052,2.106,48.195.705,-10.300.249,1
-15.042,2.105,48.195.705,-10.300.249,1
-15.074,2.139,48.195.705,-10.300.249,1
-15.095,2.154,48.195.705,-10.300.249,1
-1.513,2.133,48.195.705,-10.300.249,1
-15.173,2.116,48.195.705,-10.300.249,1
-15.239,2.116,48.195.705,-10.300.249,1
-15.308,2.115,48.195.705,-10.300.249,1
-15.366,2.112,48.499.386,-75.477.686,1
-15.457,2.082,48.499.386,-75.477.686,1
-15.668,2.055,48.499.386,-75.477.686,1
-15.863,2.037,48.499.386,-75.477.686,1
-16.047,2.025,48.499.386,-75.477.686,1
-16.227,1.998,48.499.386,-75.477.686,1
-1.639,1.949,48.499.386,-75.477.686,1
-16.539,188,48.499.386,-75.477.686,1
-16.614,1.802,48.499.386,-75.477.686,1
-16.609,1.744,48.499.386,-75.477.686,1
-16.568,1.709,48.499.386,-75.477.686,1
-16.509,1.713,48.499.386,-75.477.686,1
-1.648,1.682,48.499.386,-75.477.686,1
-1.648,1.593,48.499.386,-75.477.686,1
-16.501,1.496,48.499.386,-75.477.686,1
-16.521,138,48.728.622,-8.740.408,1
-16.544,1.273,48.728.622,-8.740.408,1
-16.569,1.234,48.728.622,-8.740.408,1
-16.546,1.229,48.728.622,-8.740.408,1
-16.474,1.261,48.728.622,-8.740.408,1
-16.338,1.271,48.728.622,-8.740.408,1
-16.248,1.291,48.728.622,-8.740.408,1
-16.269,1.447,48.728.622,-8.740.408,1
-16.306,1.651,48.728.622,-8.740.408,1
-16.332,1.823,48.728.622,-8.740.408,1
-16.346,1.958,48.728.622,-8.740.408,1
-16.311,2.068,48.728.622,-8.740.408,1
-16.278,2.167,48.728.622,-8.740.408,1
-16.267,2.239,48.728.622,-8.740.408,1
-16.263,2.283,48.728.622,-8.740.408,1
-16.231,2.315,48.728.622,-8.740.408,1
-16.184,237,48.668.816,-8.807.333,1
-16.149,2.446,48.668.816,-8.807.333,1
-16.112,2.509,48.668.816,-8.807.333,1
-16.081,2.547,48.668.816,-8.807.333,1
-16.055,2.579,48.668.816,-8.807.333,1
-16.017,2.622,48.668.816,-8.807.333,1
-15.996,2.662,48.668.816,-8.807.333,1
-1.598,2.667,48.668.816,-8.807.333,1
-15.983,2.645,48.668.816,-8.807.333,1
-1.604,2.595,48.668.816,-8.807.333,1
-16.083,2.566,48.668.816,-8.807.333,1
-16.095,255,48.668.816,-8.807.333,1
-16.042,2.524,48.668.816,-8.807.333,1
-15.991,2.491,48.668.816,-8.807.333,1
-15.961,2.447,48.668.816,-8.807.333,1
-15.875,2.427,4.929.651,-9.973.952,1
-15.758,2.492,4.929.651,-9.973.952,1
-15.638,253,4.929.651,-9.973.952,1
-15.542,2.509,4.929.651,-9.973.952,1
-15.458,2.479,4.929.651,-9.973.952,1
-15.382,2.461,4.929.651,-9.973.952,1
-15.345,251,4.929.651,-9.973.952,1
-15.368,2.635,4.929.651,-9.973.952,1
-15.427,2.815,4.929.651,-9.973.952,1
-15.542,2.938,4.929.651,-9.973.952,1
-15.689,2.946,4.929.651,-9.973.952,1
-15.815,2.917,4.929.651,-9.973.952,1
-15.945,2.869,4.929.651,-9.973.952,1
-16.049,2.806,4.929.651,-9.973.952,1
-16.137,2.737,4.929.651,-9.973.952,1
-16.152,2.672,49.028.492,-7.826.552,1
-16.119,2.587,49.028.492,-7.826.552,1
-16.037,2.486,49.028.492,-7.826.552,1
-15.977,2.441,49.028.492,-7.826.552,1
-15.963,2.451,49.028.492,-7.826.552,1
-15.964,2.447,49.028.492,-7.826.552,1
-15.938,2.443,49.028.492,-7.826.552,1
-15.881,2.426,49.028.492,-7.826.552,1
-15.849,241,49.028.492,-7.826.552,1
-15.862,2.373,49.028.492,-7.826.552,1
-15.852,2.335,49.028.492,-7.826.552,1
-15.831,2.343,49.028.492,-7.826.552,1
-15.779,2.403,49.028.492,-7.826.552,1
-15.726,2.483,49.028.492,-7.826.552,1
-15.693,2.567,49.028.492,-7.826.552,1
-1.567,2.629,4.661.994,-8.072.752,1
-1.559,2.672,4.661.994,-8.072.752,1
-15.506,269,4.661.994,-8.072.752,1
-15.416,2.708,4.661.994,-8.072.752,1
-15.347,2.748,4.661.994,-8.072.752,1
-15.278,2.823,4.661.994,-8.072.752,1
-15.188,2.975,4.661.994,-8.072.752,1
-15.119,3.085,4.661.994,-8.072.752,1
-15.052,3.092,4.661.994,-8.072.752,1
-14.986,3.035,4.661.994,-8.072.752,1
-14.891,295,4.661.994,-8.072.752,1
-14.802,2.894,4.661.994,-8.072.752,1
-1.473,2.865,4.661.994,-8.072.752,1
-14.653,2.847,4.661.994,-8.072.752,1
-14.587,2.832,4.661.994,-8.072.752,1
-14.555,2.813,4.410.779,-5.568.503,1
-1.454,284,4.410.779,-5.568.503,1
-14.547,2.849,4.410.779,-5.568.503,1
-1.456,2.836,4.410.779,-5.568.503,1
-14.546,2.811,4.410.779,-5.568.503,1
-14.488,2.765,4.410.779,-5.568.503,1
-14.399,2.728,4.410.779,-5.568.503,1
-14.294,2.717,4.410.779,-5.568.503,1
-14.178,2.715,4.410.779,-5.568.503,1
-14.064,2.716,4.410.779,-5.568.503,1
-14.017,2.705,4.410.779,-5.568.503,1
-14.035,2.679,4.410.779,-5.568.503,1
-14.062,2.647,4.410.779,-5.568.503,1
-14.049,2.606,4.410.779,-5.568.503,1
-14.043,2.575,4.410.779,-5.568.503,1
-14.041,2.551,4.367.865,-6.385.902,1
-14.044,2.524,4.367.865,-6.385.902,1
-1.401,2.484,4.367.865,-6.385.902,1
-13.959,2.431,4.367.865,-6.385.902,1
-13.894,2.381,4.367.865,-6.385.902,1
-13.827,2.353,4.367.865,-6.385.902,1
-13.764,2.363,4.367.865,-6.385.902,1
-13.678,2.376,4.367.865,-6.385.902,1
-13.612,2.382,4.367.865,-6.385.902,1
-13.541,2.405,4.367.865,-6.385.902,1
-13.535,2.447,4.367.865,-6.385.902,1
-13.533,2.519,4.367.865,-6.385.902,1
-13.588,2.642,4.367.865,-6.385.902,1
-13.606,2.703,4.367.865,-6.385.902,1
-13.626,2.637,4.367.865,-6.385.902,1
-13.643,2.491,4.367.865,-6.385.902,1
-13.645,2.338,43.776.028,-61.268.115,1
-13.668,221,43.776.028,-61.268.115,1
-13.685,2.151,43.776.028,-61.268.115,1
-13.697,2.123,43.776.028,-61.268.115,1
-13.707,2.125,43.776.028,-61.268.115,1
-13.695,2.121,43.776.028,-61.268.115,1
-13.684,2.117,43.776.028,-61.268.115,1
-13.701,2.104,43.776.028,-61.268.115,1
-13.748,209,43.776.028,-61.268.115,1
-13.823,2.076,43.776.028,-61.268.115,1
-13.891,2.034,43.776.028,-61.268.115,1
-13.959,1.943,43.776.028,-61.268.115,1
-1.399,1.833,43.776.028,-61.268.115,1
-13.986,175,43.776.028,-61.268.115,1
-13.993,1.695,43.776.028,-61.268.115,1
-13.992,1.658,4.410.651,-5.984.484,1
-13.988,1.619,4.410.651,-5.984.484,1
-13.969,1.589,4.410.651,-5.984.484,1
-1.391,1.585,4.410.651,-5.984.484,1
-13.824,1.587,4.410.651,-5.984.484,1
-13.774,1.566,4.410.651,-5.984.484,1
-13.754,1.574,4.410.651,-5.984.484,1
-13.741,1.598,4.410.651,-5.984.484,1
-13.727,1.629,4.410.651,-5.984.484,1
-13.727,165,4.410.651,-5.984.484,1
-13.714,1.701,4.410.651,-5.984.484,1
-13.674,1.768,4.410.651,-5.984.484,1
-1.361,1.823,4.410.651,-5.984.484,1
-13.508,1.859,4.410.651,-5.984.484,1
-13.397,1.885,4.410.651,-5.984.484,1
-13.267,1.922,43.243.908,-9.791.286,1
-13.193,2.023,43.243.908,-9.791.286,1
-13.185,2.052,43.243.908,-9.791.286,1
-13.172,0.02,43.243.908,-9.791.286,1
-13.176,1.905,43.243.908,-9.791.286,1
-13.177,1.839,43.243.908,-9.791.286,1
-13.208,181,43.243.908,-9.791.286,1
-13.246,1.826,43.243.908,-9.791.286,1
-13.274,1.852,43.243.908,-9.791.286,1
-13.294,186,43.243.908,-9.791.286,1
-13.321,185,43.243.908,-9.791.286,1
-13.372,1.859,43.243.908,-9.791.286,1
-13.393,1.831,43.243.908,-9.791.286,1
-13.423,1.792,43.243.908,-9.791.286,1
-13.425,1.727,43.243.908,-9.791.286,1
-1.339,1.671,43.243.908,-9.791.286,1
-13.336,1.638,47.027.702,-62.723.303,1
-13.252,1.599,47.027.702,-62.723.303,1
-13.236,1.556,47.027.702,-62.723.303,1
-13.255,1.512,47.027.702,-62.723.303,1
-1.328,1.468,47.027.702,-62.723.303,1
-13.307,1.455,47.027.702,-62.723.303,1
-13.303,1.464,47.027.702,-62.723.303,1
-13.286,1.489,47.027.702,-62.723.303,1
-13.246,1.508,47.027.702,-62.723.303,1
-13.193,1.514,47.027.702,-62.723.303,1
-13.136,1.509,47.027.702,-62.723.303,1
-13.072,1.493,47.027.702,-62.723.303,1
-13.038,1.465,47.027.702,-62.723.303,1
-13.087,1.424,47.027.702,-62.723.303,1
-13.147,1.379,47.027.702,-62.723.303,1
-13.218,1.344,47.027.702,-62.723.303,1
-13.245,1.317,47.027.702,-62.723.303,1
-13.254,1.302,47.027.702,-62.723.303,1
-13.299,1.293,47.027.702,-62.723.303,1
-13.318,1.279,47.027.702,-62.723.303,1
-13.372,1.299,47.027.702,-62.723.303,1
-13.416,1.282,47.027.702,-62.723.303,1
-13.475,1.218,47.027.702,-62.723.303,1
-13.538,1.129,47.027.702,-62.723.303,1
-13.564,102,47.027.702,-62.723.303,1
-13.595,942,47.027.702,-62.723.303,1
-13.636,91,47.027.702,-62.723.303,1
-13.681,941,47.027.702,-62.723.303,1
-13.715,979,47.027.702,-62.723.303,1
-13.689,998,47.027.702,-62.723.303,1
-1.367,1.018,4.479.597,-6.016.244,1
-1.367,1.037,4.479.597,-6.016.244,1
-137,1.053,4.479.597,-6.016.244,1
-13.731,1.056,4.479.597,-6.016.244,1
-13.722,1.038,4.479.597,-6.016.244,1
-13.695,1.014,4.479.597,-6.016.244,1
-13.653,1.003,4.479.597,-6.016.244,1
-1.365,998,4.479.597,-6.016.244,1
-13.691,985,4.479.597,-6.016.244,1
-13.718,952,4.479.597,-6.016.244,1
-13.759,944,4.479.597,-6.016.244,1
-13.791,942,4.479.597,-6.016.244,1
-13.843,922,4.479.597,-6.016.244,1
-13.908,907,4.479.597,-6.016.244,1
-13.929,9,4.479.597,-6.016.244,1
-1.395,915,4.479.597,-6.016.244,1
-13.959,924,46.563.095,-7.273.426,1
-1.396,916,46.563.095,-7.273.426,1
-13.967,892,46.563.095,-7.273.426,1
-13.962,859,46.563.095,-7.273.426,1
-13.957,84,46.563.095,-7.273.426,1
-13.928,819,46.563.095,-7.273.426,1
-1.392,796,46.563.095,-7.273.426,1
-13.907,779,46.563.095,-7.273.426,1
-13.915,753,46.563.095,-7.273.426,1
-13.924,749,46.563.095,-7.273.426,1
-13.957,777,46.563.095,-7.273.426,1
-22.296,-17.216,-331.269,-14.272.054,2
-22.809,-17.653,-331.269,-14.272.054,2
-23.138,-17.876,-331.269,-14.272.054,2
-23.362,-18.086,-331.269,-14.272.054,2
-23.496,-18.218,-331.269,-14.272.054,2
-23.603,-18.358,-331.269,-14.272.054,2
-23.691,-18.546,-331.269,-14.272.054,2
-23.804,-18.802,-331.269,-14.272.054,2
-23.944,-19.149,-331.269,-14.272.054,2
-2.412,-1.962,-331.269,-14.272.054,2
-2.429,-20.182,-331.269,-14.272.054,2
-24.466,-2.076,-331.269,-14.272.054,2
-24.663,-21.249,-331.269,-14.272.054,2
-24.867,-21.642,-28.073.393,24.162.953,2
-25.059,-21.934,-28.073.393,24.162.953,2
-25.219,-22.079,-28.073.393,24.162.953,2
-25.339,-22.072,-28.073.393,24.162.953,2
-25.411,-21.977,-28.073.393,24.162.953,2
-2.546,-21.867,-28.073.393,24.162.953,2
-25.486,-21.759,-28.073.393,24.162.953,2
-25.495,-217,-28.073.393,24.162.953,2
-2.554,-21.688,-28.073.393,24.162.953,2
-25.568,-21.682,-28.073.393,24.162.953,2
-25.573,-21.675,-28.073.393,24.162.953,2
-25.617,-21.631,-28.073.393,24.162.953,2
-25.708,-21.537,-28.073.393,24.162.953,2
-25.801,-21.409,-28.073.393,24.162.953,2
-25.874,-21.237,-28.073.393,24.162.953,2
-2.592,-21.067,-28.073.393,24.162.953,2
-25.944,-20.858,-23.813.805,3.440.604,2
-25.993,-20.613,-23.813.805,3.440.604,2
-26.029,-20.308,-23.813.805,3.440.604,2
-25.997,-19.973,-23.813.805,3.440.604,2
-25.885,-19.664,-23.813.805,3.440.604,2
-25.751,-19.395,-23.813.805,3.440.604,2
-25.678,-19.189,-23.813.805,3.440.604,2
-25.619,-1.902,-23.813.805,3.440.604,2
-25.616,-18.881,-23.813.805,3.440.604,2
-25.551,-18.792,-23.813.805,3.440.604,2
-25.398,-18.706,-23.813.805,3.440.604,2
-252,-18.637,-23.813.805,3.440.604,2
-24.938,-18.511,-23.813.805,3.440.604,2
-24.698,-18.289,-23.813.805,3.440.604,2
-24.459,-18.012,-31.536.186,-16.077.524,2
-24.202,-17.668,-31.536.186,-16.077.524,2
-23.888,-17.317,-31.536.186,-16.077.524,2
-23.565,-16.913,-31.536.186,-16.077.524,2
-23.247,-16.465,-31.536.186,-16.077.524,2
-22.963,-16.101,-31.536.186,-16.077.524,2
-22.696,-15.835,-31.536.186,-16.077.524,2
-22.489,-15.639,-31.536.186,-16.077.524,2
-22.302,-15.504,-31.536.186,-16.077.524,2
-22.168,-15.401,-31.536.186,-16.077.524,2
-22.065,-1.541,-31.536.186,-16.077.524,2
-22.027,-15.462,-31.536.186,-16.077.524,2
-22.032,-15.561,-31.536.186,-16.077.524,2
-22.085,-15.647,-31.536.186,-16.077.524,2
-22.193,-15.711,-31.536.186,-16.077.524,2
-22.334,-1.576,-28.298.382,-6.049.031,2
-22.488,-15.816,-28.298.382,-6.049.031,2
-2.262,-1.588,-28.298.382,-6.049.031,2
-22.639,-15.919,-28.298.382,-6.049.031,2
-22.637,-15.969,-28.298.382,-6.049.031,2
-22.661,-16.032,-28.298.382,-6.049.031,2
-2.266,-16.079,-28.298.382,-6.049.031,2
-22.646,-16.128,-28.298.382,-6.049.031,2
-22.618,-1.621,-28.298.382,-6.049.031,2
-226,-16.308,-28.298.382,-6.049.031,2
-22.584,-16.453,-28.298.382,-6.049.031,2
-22.602,-16.622,-28.298.382,-6.049.031,2
-22.673,-16.798,-28.298.382,-6.049.031,2
-22.775,-1.702,-28.298.382,-6.049.031,2
-2.295,-17.272,-28.298.382,-6.049.031,2
-23.021,-17.523,-28.298.382,-6.049.031,2
-2.297,-17.692,-28.298.382,-6.049.031,2
-22.925,-17.777,-3.091.195,-13.804.021,2
-22.904,-17.775,-3.091.195,-13.804.021,2
-22.912,-17.716,-3.091.195,-13.804.021,2
-22.926,-17.675,-3.091.195,-13.804.021,2
-22.934,-17.706,-3.091.195,-13.804.021,2
-22.966,-17.801,-3.091.195,-13.804.021,2
-23.088,-17.938,-3.091.195,-13.804.021,2
-2.324,-18.072,-3.091.195,-13.804.021,2
-23.413,-1.824,-3.091.195,-13.804.021,2
-2.354,-18.419,-3.091.195,-13.804.021,2
-23.652,-18.558,-3.091.195,-13.804.021,2
-23.808,-18.618,-3.091.195,-13.804.021,2
-23.981,-18.629,-3.091.195,-13.804.021,2
-2.413,-18.646,-3.091.195,-13.804.021,2
-2.419,-18.649,-3.341.737,36.492.857,2
-24.202,-1.865,-3.341.737,36.492.857,2
-24.152,-18.621,-3.341.737,36.492.857,2
-24.052,-18.569,-3.341.737,36.492.857,2
-23.925,-18.493,-3.341.737,36.492.857,2
-23.765,-18.393,-3.341.737,36.492.857,2
-23.579,-18.308,-3.341.737,36.492.857,2
-23.377,-18.236,-3.341.737,36.492.857,2
-23.186,-18.178,-3.341.737,36.492.857,2
-2.306,-1.814,-3.341.737,36.492.857,2
-22.993,-18.102,-3.341.737,36.492.857,2
-22.958,-18.096,-3.341.737,36.492.857,2
-22.924,-18.119,-3.341.737,36.492.857,2
-22.882,-18.182,-3.341.737,36.492.857,2
-22.851,-18.272,-3.341.737,36.492.857,2
-22.913,-18.362,-3.356.697,-23.192.234,2
-22.998,-18.481,-3.356.697,-23.192.234,2
-23.141,-18.614,-3.356.697,-23.192.234,2
-23.312,-18.754,-3.356.697,-23.192.234,2
-23.362,-18.896,-3.356.697,-23.192.234,2
-23.313,-18.972,-3.356.697,-23.192.234,2
-23.142,-19.005,-3.356.697,-23.192.234,2
-22.924,-18.998,-3.356.697,-23.192.234,2
-22.713,-18.954,-3.356.697,-23.192.234,2
-22.549,-18.917,-3.356.697,-23.192.234,2
-22.406,-18.861,-3.356.697,-23.192.234,2
-2.224,-18.781,-3.356.697,-23.192.234,2
-21.945,-18.685,-3.356.697,-23.192.234,2
-21.543,-18.535,-3.356.697,-23.192.234,2
-21.177,-18.368,-3.356.697,-23.192.234,2
-20.877,-18.174,-35.002.182,-27.352.989,2
-20.655,-17.939,-35.002.182,-27.352.989,2
-20.505,-17.698,-35.002.182,-27.352.989,2
-20.374,-17.484,-35.002.182,-27.352.989,2
-20.269,-17.329,-35.002.182,-27.352.989,2
-20.165,-17.215,-35.002.182,-27.352.989,2
-20.042,-17.145,-35.002.182,-27.352.989,2
-1.989,-17.098,-35.002.182,-27.352.989,2
-19.715,-17.068,-35.002.182,-27.352.989,2
-19.501,-17.038,-35.002.182,-27.352.989,2
-1.929,-16.963,-35.002.182,-27.352.989,2
-1.905,-16.871,-35.002.182,-27.352.989,2
-18.864,-16.774,-35.002.182,-27.352.989,2
-18.742,-16.677,-35.002.182,-27.352.989,2
-18.679,-16.591,-35.002.182,-27.352.989,2
-18.669,-16.505,-38.883.713,-12.063.009,2
-18.715,-16.438,-38.883.713,-12.063.009,2
-1.885,-16.424,-38.883.713,-12.063.009,2
-19.034,-16.398,-38.883.713,-12.063.009,2
-19.266,-16.324,-38.883.713,-12.063.009,2
-19.561,-16.198,-38.883.713,-12.063.009,2
-20.183,-16.133,-38.883.713,-12.063.009,2
-21.217,-16.228,-38.883.713,-12.063.009,2
-22.301,-1.633,-38.883.713,-12.063.009,2
-23.229,-16.352,-38.883.713,-12.063.009,2
-24.074,-16.337,-38.883.713,-12.063.009,2
-25.066,-16.373,-38.883.713,-12.063.009,2
-2.576,-16.345,-38.883.713,-12.063.009,2
-26.236,-16.215,-38.883.713,-12.063.009,2
-26.523,-16.032,-38.883.713,-12.063.009,2
-26.721,-15.853,-41.708.538,-21.155.264,2
-26.796,-15.715,-41.708.538,-21.155.264,2
-26.775,-15.639,-41.708.538,-21.155.264,2
-26.638,-15.567,-41.708.538,-21.155.264,2
-26.509,-15.512,-41.708.538,-21.155.264,2
-26.418,-15.462,-41.708.538,-21.155.264,2
-26.305,-15.378,-41.708.538,-21.155.264,2
-26.231,-15.273,-41.708.538,-21.155.264,2
-26.234,-15.139,-41.708.538,-21.155.264,2
-26.214,-15.001,-41.708.538,-21.155.264,2
-26.151,-14.801,-41.708.538,-21.155.264,2
-26.024,-1.449,-41.708.538,-21.155.264,2
-25.944,-14.089,-41.708.538,-21.155.264,2
-25.802,-13.602,-41.708.538,-21.155.264,2
-25.481,-13.057,-41.708.538,-21.155.264,2
-25.008,-12.452,-41.708.538,-21.155.264,2
-24.385,-11.924,-4.346.794,-17.113.541,2
-23.652,-11.475,-4.346.794,-17.113.541,2
-22.875,-11.044,-4.346.794,-17.113.541,2
-22.206,-10.638,-4.346.794,-17.113.541,2
-21.587,-10.212,-4.346.794,-17.113.541,2
-21.007,-9.766,-4.346.794,-17.113.541,2
-20.607,-9.315,-4.346.794,-17.113.541,2
-20.267,-8.859,-4.346.794,-17.113.541,2
-19.961,-8.383,-4.346.794,-17.113.541,2
-19.683,-7.912,-4.346.794,-17.113.541,2
-19.497,-7.511,-4.346.794,-17.113.541,2
-19.365,-7.136,-4.346.794,-17.113.541,2
-19.213,-6.782,-4.346.794,-17.113.541,2
-1.905,-6.433,-4.346.794,-17.113.541,2
-18.824,-6.116,-4.346.794,-17.113.541,2
-18.597,-579,-4.346.794,-17.113.541,2
-18.233,-551,-4.346.794,-17.113.541,2
-17.903,-5.274,-4.346.794,-17.113.541,2
-17.737,-5.095,-4.346.794,-17.113.541,2
-17.621,-4.938,-4.346.794,-17.113.541,2
-17.493,-4.795,-4.346.794,-17.113.541,2
-17.487,-4.717,-4.346.794,-17.113.541,2
-17.558,-4.664,-4.346.794,-17.113.541,2
-17.611,-4.617,-4.346.794,-17.113.541,2
-17.551,-4.559,-4.346.794,-17.113.541,2
-17.461,-4.533,-4.346.794,-17.113.541,2
-17.365,-4.519,-4.346.794,-17.113.541,2
-17.238,-4.483,-4.346.794,-17.113.541,2
-17.154,-4.422,-4.346.794,-17.113.541,2
-17.136,-4.355,-4.346.794,-17.113.541,2
-17.125,-4.323,-31.415.215,-3.231.413,2
-17.052,-4.289,-31.415.215,-3.231.413,2
-16.947,-4.284,-31.415.215,-3.231.413,2
-16.941,-434,-31.415.215,-3.231.413,2
-16.952,-444,-31.415.215,-3.231.413,2
-17.063,-4.563,-31.415.215,-3.231.413,2
-1.737,-4.728,-31.415.215,-3.231.413,2
-17.828,-4.944,-31.415.215,-3.231.413,2
-18.331,-5.199,-31.415.215,-3.231.413,2
-18.695,-5.447,-31.415.215,-3.231.413,2
-18.975,-5.708,-31.415.215,-3.231.413,2
-19.194,-5.911,-31.415.215,-3.231.413,2
-19.333,-6.021,-31.415.215,-3.231.413,2
-19.309,-6.057,-31.415.215,-3.231.413,2
-19.154,-6.072,-31.415.215,-3.231.413,2
-18.992,-6.101,-3.903.991,-86.487.997,2
-18.872,-6.173,-3.903.991,-86.487.997,2
-18.742,-6.256,-3.903.991,-86.487.997,2
-18.669,-6.332,-3.903.991,-86.487.997,2
-1.861,-6.369,-3.903.991,-86.487.997,2
-18.549,-6.393,-3.903.991,-86.487.997,2
-18.576,-6.392,-3.903.991,-86.487.997,2
-18.557,-6.333,-3.903.991,-86.487.997,2
-18.501,-6.218,-3.903.991,-86.487.997,2
-18.446,-6.092,-3.903.991,-86.487.997,2
-18.411,-5.987,-3.903.991,-86.487.997,2
-1.839,-5.859,-3.903.991,-86.487.997,2
-18.312,-5.716,-3.903.991,-86.487.997,2
-18.247,-5.639,-3.903.991,-86.487.997,2
-18.264,-5.627,-3.903.991,-86.487.997,2
-1.833,-5.674,-3.903.991,-86.487.997,2
-184,-5.736,-36.492.397,-35.126.894,2
-18.437,-5.751,-36.492.397,-35.126.894,2
-18.447,-573,-36.492.397,-35.126.894,2
-18.415,-5.682,-36.492.397,-35.126.894,2
-1.832,-5.652,-36.492.397,-35.126.894,2
-18.246,-5.656,-36.492.397,-35.126.894,2
-18.215,-5.659,-36.492.397,-35.126.894,2
-18.228,-5.703,-36.492.397,-35.126.894,2
-18.251,-581,-36.492.397,-35.126.894,2
-18.295,-5.959,-36.492.397,-35.126.894,2
-18.389,-6.125,-36.492.397,-35.126.894,2
-18.479,-6.254,-36.492.397,-35.126.894,2
-1.857,-6.378,-36.492.397,-35.126.894,2
-18.624,-6.477,-36.492.397,-35.126.894,2
-18.656,-661,-36.492.397,-35.126.894,2
-18.689,-679,-36.492.397,-35.126.894,2
-18.736,-6.958,-36.492.397,-35.126.894,2
-18.833,-714,-36.492.397,-35.126.894,2
-18.913,-7.308,-36.492.397,-35.126.894,2
-18.968,-7.483,-36.492.397,-35.126.894,2
-1.898,-7.656,-36.492.397,-35.126.894,2
-18.941,-7.763,-36.492.397,-35.126.894,2
-1.899,-7.855,-36.492.397,-35.126.894,2
-19.105,-7.901,-36.492.397,-35.126.894,2
-19.115,-7.919,-36.492.397,-35.126.894,2
-19.044,-7.934,-36.492.397,-35.126.894,2
-18.904,-7.945,-36.492.397,-35.126.894,2
-18.766,-7.959,-36.492.397,-35.126.894,2
-18.677,-7.962,-36.492.397,-35.126.894,2
-18.609,-7.991,-36.492.397,-35.126.894,2
-18.568,-805,-36.492.397,-35.126.894,2
-18.547,-8.111,-36.492.397,-35.126.894,2
-18.526,-8.152,-36.492.397,-35.126.894,2
-18.522,-8.197,-36.492.397,-35.126.894,2
-18.509,-8.241,-36.492.397,-35.126.894,2
-18.447,-828,-36.492.397,-35.126.894,2
-1.836,-8.308,-36.492.397,-35.126.894,2
-18.242,-8.336,-36.492.397,-35.126.894,2
-18.108,-8.379,-36.492.397,-35.126.894,2
-1.799,-8.429,-36.492.397,-35.126.894,2
-17.868,-846,-36.492.397,-35.126.894,2
-17.734,-846,-36.492.397,-35.126.894,2
-17.608,-8.464,-36.492.397,-35.126.894,2
-1.751,-8.446,-36.492.397,-35.126.894,2
-17.412,-8.436,-36.492.397,-35.126.894,2
-17.307,-8.447,-3.775.814,-2.026.845,2
-17.203,-8.482,-3.775.814,-2.026.845,2
-17.112,-8.535,-3.775.814,-2.026.845,2
-17.013,-8.584,-3.775.814,-2.026.845,2
-16.909,-8.622,-3.775.814,-2.026.845,2
-16.851,-8.652,-3.775.814,-2.026.845,2
-16.819,-8.665,-3.775.814,-2.026.845,2
-16.779,-8.681,-3.775.814,-2.026.845,2
-16.754,-8.722,-3.775.814,-2.026.845,2
-16.744,-8.805,-3.775.814,-2.026.845,2
-16.775,-8.904,-3.775.814,-2.026.845,2
-16.817,-8.976,-3.775.814,-2.026.845,2
-16.951,-9.048,-3.775.814,-2.026.845,2
-17.051,-9.102,-3.775.814,-2.026.845,2
-17.095,-9.153,-3.775.814,-2.026.845,2
-17.062,-9.179,-37.037.617,-3.716.511,2
-16.975,-9.197,-37.037.617,-3.716.511,2
-16.945,-9.214,-37.037.617,-3.716.511,2
-16.969,-9.246,-37.037.617,-3.716.511,2
-17.058,-9.306,-37.037.617,-3.716.511,2
-17.179,-9.347,-37.037.617,-3.716.511,2
-17.274,-9.381,-37.037.617,-3.716.511,2
-17.337,-9.409,-37.037.617,-3.716.511,2
-17.357,-9.441,-37.037.617,-3.716.511,2
-17.358,-9.486,-37.037.617,-3.716.511,2
-17.345,-9.525,-37.037.617,-3.716.511,2
-17.313,-953,-37.037.617,-3.716.511,2
3.454,-3.989,18.776.932,-8.321.433,3
34.514,-388,18.776.932,-8.321.433,3
34.656,-3.789,18.776.932,-8.321.433,3
34.936,-3.683,18.776.932,-8.321.433,3
35.214,-357,18.776.932,-8.321.433,3
35.554,-3.456,18.776.932,-8.321.433,3
35.937,-3.362,18.776.932,-8.321.433,3
3.628,-3.225,18.776.932,-8.321.433,3
36.502,-3.077,18.776.932,-8.321.433,3
36.642,-3.001,18.776.932,-8.321.433,3
36.691,-2.984,18.776.932,-8.321.433,3
36.671,-2.987,18.776.932,-8.321.433,3
36.633,-2.975,18.776.932,-8.321.433,3
36.549,-2.913,18.776.932,-8.321.433,3
36.452,-2.787,18.776.932,-8.321.433,3
36.465,-26,18.776.932,-8.321.433,3
36.518,-2.346,18.776.932,-8.321.433,3
36.506,-2.037,18.776.932,-8.321.433,3
36.394,-1.762,18.776.932,-8.321.433,3
36.119,-1.482,18.776.932,-8.321.433,3
35.756,-1.256,18.776.932,-8.321.433,3
3.531,-1.083,18.776.932,-8.321.433,3
34.695,-981,18.776.932,-8.321.433,3
33.991,-948,18.776.932,-8.321.433,3
33.139,-95,18.776.932,-8.321.433,3
32.353,-973,18.776.932,-8.321.433,3
31.539,-1.056,18.776.932,-8.321.433,3
30.789,-1.184,18.776.932,-8.321.433,3
30.143,-1.337,18.776.932,-8.321.433,3
29.731,-1.442,18.776.932,-8.321.433,3
29.457,-1.453,18.776.932,-8.321.433,3
29.287,-1.376,18.776.932,-8.321.433,3
29.211,-1.283,18.776.932,-8.321.433,3
29.112,-1.168,18.776.932,-8.321.433,3
28.973,-1.038,18.776.932,-8.321.433,3
2.886,-933,18.776.932,-8.321.433,3
28.749,-871,18.776.932,-8.321.433,3
28.706,-862,18.776.932,-8.321.433,3
28.668,-913,18.776.932,-8.321.433,3
28.691,-993,18.776.932,-8.321.433,3
28.837,-1.116,18.776.932,-8.321.433,3
29.171,-1.298,18.776.932,-8.321.433,3
29.805,-1.501,18.776.932,-8.321.433,3
30.709,-1.702,18.776.932,-8.321.433,3
31.576,-1.862,18.776.932,-8.321.433,3
32.506,-1.999,18.776.932,-8.321.433,3
33.549,-2.127,18.776.932,-8.321.433,3
34.333,-2.219,18.776.932,-8.321.433,3
34.637,-23,18.776.932,-8.321.433,3
34.733,-2.448,18.776.932,-8.321.433,3
34.606,-2.666,18.776.932,-8.321.433,3
34.381,-2.922,18.776.932,-8.321.433,3
34.085,-3.187,18.776.932,-8.321.433,3
33.738,-3.439,18.776.932,-8.321.433,3
33.374,-3.652,18.776.932,-8.321.433,3
32.955,-3.843,18.776.932,-8.321.433,3
32.582,-3.989,18.776.932,-8.321.433,3
32.256,-4.121,18.776.932,-8.321.433,3
31.965,-4.254,18.776.932,-8.321.433,3
31.796,-4.408,18.776.932,-8.321.433,3
31.752,-4.581,18.776.932,-8.321.433,3
31.765,-4.744,18.776.932,-8.321.433,3
31.717,-4.884,18.776.932,-8.321.433,3
31.448,-505,18.776.932,-8.321.433,3
31.145,-5.188,18.776.932,-8.321.433,3
30.802,-5.357,18.776.932,-8.321.433,3
30.473,-5.529,18.776.932,-8.321.433,3
30.133,-5.677,18.776.932,-8.321.433,3
29.839,-5.804,18.776.932,-8.321.433,3
29.593,-5.912,18.776.932,-8.321.433,3
29.401,-6.027,18.776.932,-8.321.433,3
29.253,-6.147,18.776.932,-8.321.433,3
29.096,-6.267,18.776.932,-8.321.433,3
28.921,-6.404,18.776.932,-8.321.433,3
28.613,-6.576,18.776.932,-8.321.433,3
28.217,-6.794,18.776.932,-8.321.433,3
27.748,-7.044,18.776.932,-8.321.433,3
27.222,-7.335,18.776.932,-8.321.433,3
26.739,-7.629,18.776.932,-8.321.433,3
26.267,-7.908,18.776.932,-8.321.433,3
25.797,-8.183,18.776.932,-8.321.433,3
25.376,-8.442,18.776.932,-8.321.433,3
25.032,-8.684,18.776.932,-8.321.433,3
2.478,-8.885,18.776.932,-8.321.433,3
24.628,-9.064,18.776.932,-8.321.433,3
24.634,-9.201,18.776.932,-8.321.433,3
24.709,-9.272,18.776.932,-8.321.433,3
24.769,-9.296,18.776.932,-8.321.433,3
24.822,-9.322,18.776.932,-8.321.433,3
249,-9.365,18.776.932,-8.321.433,3
24.862,-9.415,18.776.932,-8.321.433,3
24.752,-9.485,18.776.932,-8.321.433,3
24.652,-96,18.776.932,-8.321.433,3
24.577,-9.774,18.776.932,-8.321.433,3
24.504,-9.952,18.776.932,-8.321.433,3
24.403,-10.128,18.776.932,-8.321.433,3
24.302,-10.246,18.776.932,-8.321.433,3
2.425,-10.315,18.776.932,-8.321.433,3
24.249,-10.352,18.776.932,-8.321.433,3
24.319,-10.361,18.776.932,-8.321.433,3
24.414,-10.363,18.776.932,-8.321.433,3
24.564,-10.358,18.776.932,-8.321.433,3
24.772,-10.324,18.776.932,-8.321.433,3
25.007,-10.277,18.776.932,-8.321.433,3
25.281,-10.186,18.776.932,-8.321.433,3
25.567,-10.068,18.776.932,-8.321.433,3
25.859,-9.925,18.776.932,-8.321.433,3
26.112,-9.747,18.776.932,-8.321.433,3
2.627,-9.554,18.776.932,-8.321.433,3
26.393,-9.381,18.776.932,-8.321.433,3
26.472,-9.227,18.776.932,-8.321.433,3
2.648,-9.126,18.776.932,-8.321.433,3
26.469,-9.072,18.776.932,-8.321.433,3
26.447,-9.059,18.776.932,-8.321.433,3
26.432,-9.069,18.776.932,-8.321.433,3
26.407,-9.101,18.776.932,-8.321.433,3
26.394,-9.119,18.776.932,-8.321.433,3
26.313,-913,18.776.932,-8.321.433,3
26.269,-9.138,18.776.932,-8.321.433,3
26.267,-9.152,18.776.932,-8.321.433,3
26.331,-916,18.776.932,-8.321.433,3
26.388,-9.161,18.776.932,-8.321.433,3
26.385,-9.174,18.776.932,-8.321.433,3
26.374,-9.188,18.776.932,-8.321.433,3
26.291,-9.206,18.776.932,-8.321.433,3
26.211,-9.235,18.776.932,-8.321.433,3
26.132,-9.287,18.776.932,-8.321.433,3
26.094,-9.342,18.776.932,-8.321.433,3
26.108,-9.376,18.776.932,-8.321.433,3
26.155,-9.364,18.776.932,-8.321.433,3
26.197,-9.321,18.776.932,-8.321.433,3
26.225,-9.248,18.776.932,-8.321.433,3
26.214,-9.163,18.776.932,-8.321.433,3
26.143,-9.116,18.776.932,-8.321.433,3
26.027,-9.093,18.776.932,-8.321.433,3
25.785,-9.111,18.776.932,-8.321.433,3
25.434,-9.147,18.776.932,-8.321.433,3
25.103,-9.212,18.776.932,-8.321.433,3
2.484,-9.289,18.776.932,-8.321.433,3
24.572,-9.379,18.776.932,-8.321.433,3
24.316,-9.454,18.776.932,-8.321.433,3
24.096,-9.511,18.776.932,-8.321.433,3
23.985,-9.524,18.776.932,-8.321.433,3
23.937,-95,18.776.932,-8.321.433,3
23.914,-9.465,18.776.932,-8.321.433,3
23.908,-9.424,18.776.932,-8.321.433,3
23.957,-9.399,18.776.932,-8.321.433,3
24.038,-9.408,18.776.932,-8.321.433,3
24.012,-9.455,18.776.932,-8.321.433,3
23.946,-9.536,18.776.932,-8.321.433,3
23.874,-9.618,18.776.932,-8.321.433,3
23.844,-9.674,18.776.932,-8.321.433,3
2.384,-969,18.776.932,-8.321.433,3
23.919,-9.662,18.776.932,-8.321.433,3
24.098,-96,18.776.932,-8.321.433,3
24.318,-9.516,18.776.932,-8.321.433,3
24.576,-9.431,18.776.932,-8.321.433,3
24.847,-9.315,18.776.932,-8.321.433,3
24.971,-9.163,18.776.932,-8.321.433,3
25.058,-9.028,18.776.932,-8.321.433,3
25.114,-8.896,18.776.932,-8.321.433,3
25.127,-8.764,18.776.932,-8.321.433,3
25.061,-8.607,18.776.932,-8.321.433,3
24.918,-8.443,18.776.932,-8.321.433,3
2.473,-8.303,18.776.932,-8.321.433,3
24.542,-8.202,18.776.932,-8.321.433,3
24.339,-812,18.776.932,-8.321.433,3
24.175,-8.023,18.776.932,-8.321.433,3
24.014,-7.923,18.776.932,-8.321.433,3
23.847,-7.851,18.776.932,-8.321.433,3
23.615,-7.816,18.776.932,-8.321.433,3
23.377,-7.788,18.776.932,-8.321.433,3
2.314,-776,18.776.932,-8.321.433,3
22.875,-77,18.776.932,-8.321.433,3
22.592,-7.595,18.776.932,-8.321.433,3
2.225,-7.503,18.776.932,-8.321.433,3
21.945,-7.429,18.776.932,-8.321.433,3
21.694,-7.382,18.776.932,-8.321.433,3
21.465,-7.352,18.776.932,-8.321.433,3
21.261,-734,18.776.932,-8.321.433,3
21.144,-7.313,18.776.932,-8.321.433,3
21.049,-7.259,18.776.932,-8.321.433,3
20.982,-7.203,18.776.932,-8.321.433,3
20.901,-7.199,18.776.932,-8.321.433,3
20.716,-7.265,18.776.932,-8.321.433,3
20.454,-7.395,18.776.932,-8.321.433,3
2.003,-7.571,18.776.932,-8.321.433,3
19.468,-7.784,18.776.932,-8.321.433,3
18.819,-8.035,18.776.932,-8.321.433,3
18.172,-8.267,18.776.932,-8.321.433,3
17.678,-8.432,18.776.932,-8.321.433,3
17.233,-8.542,18.776.932,-8.321.433,3
16.902,-8.629,18.776.932,-8.321.433,3
16.661,-87,18.776.932,-8.321.433,3
16.583,-876,18.776.932,-8.321.433,3
16.548,-8.804,18.776.932,-8.321.433,3
16.539,-8.835,18.776.932,-8.321.433,3
16.565,-8.838,18.776.932,-8.321.433,3
16.611,-8.814,18.776.932,-8.321.433,3
16.634,-8.791,18.776.932,-8.321.433,3
16.734,-8.784,18.776.932,-8.321.433,3
16.902,-8.753,18.776.932,-8.321.433,3
17.043,-874,18.776.932,-8.321.433,3
17.125,-8.755,18.776.932,-8.321.433,3
17.117,-8.783,18.776.932,-8.321.433,3
16.982,-8.825,18.776.932,-8.321.433,3
16.849,-887,18.776.932,-8.321.433,3
16.727,-8.885,18.776.932,-8.321.433,3
16.575,-8.881,18.776.932,-8.321.433,3
16.428,-8.896,18.776.932,-8.321.433,3
16.335,-8.898,1.574.112,-82.667.265,3
16.216,-891,1.574.112,-82.667.265,3
16.116,-8.934,1.574.112,-82.667.265,3
16.063,-8.973,1.574.112,-82.667.265,3
15.996,-902,1.574.112,-82.667.265,3
15.918,-9.059,1.574.112,-82.667.265,3
15.868,-9.099,1.574.112,-82.667.265,3
15.878,-9.111,1.574.112,-82.667.265,3
15.985,-9.097,1.574.112,-82.667.265,3
16.211,-9.052,1.574.112,-82.667.265,3
164,-9.013,1.574.112,-82.667.265,3
16.574,-9.001,1.574.112,-82.667.265,3
16.802,-8.975,1.574.112,-82.667.265,3
16.874,-8.887,1.574.112,-82.667.265,3
16.757,-8.775,1.574.112,-82.667.265,3
16.604,-867,1.574.112,-82.667.265,3
16.509,-861,11.245.909,-58.550.515,3
16.331,-8.626,11.245.909,-58.550.515,3
16.185,-8.686,11.245.909,-58.550.515,3
16.093,-8.737,11.245.909,-58.550.515,3
16.122,-8.748,11.245.909,-58.550.515,3
1.104,-2.204,-10.265.191,76.632.953,4
1.136,-22.036,-10.265.191,76.632.953,4
1.201,-21.982,-10.265.191,76.632.953,4
1.255,-21.893,-10.265.191,76.632.953,4
133,-21.808,-10.265.191,76.632.953,4
1.396,-21.766,-10.265.191,76.632.953,4
1.438,-2.174,-10.265.191,76.632.953,4
1.401,-21.688,-10.265.191,76.632.953,4
1.271,-21.612,-10.265.191,76.632.953,4
1.145,-2.153,-10.265.191,76.632.953,4
1.125,-21.469,-10.265.191,76.632.953,4
1.203,-2.143,-10.265.191,76.632.953,4
1.329,-21.411,-9.120.379,9.901.157,4
1.451,-21.353,-9.120.379,9.901.157,4
1.521,-21.256,-9.120.379,9.901.157,4
1.587,-21.146,-9.120.379,9.901.157,4
1.698,-21.075,-9.120.379,9.901.157,4
1.812,-21.077,-9.120.379,9.901.157,4
1.871,-21.091,-9.120.379,9.901.157,4
1.871,-211,-9.120.379,9.901.157,4
1.798,-21.144,-9.120.379,9.901.157,4
1.717,-21.219,-9.120.379,9.901.157,4
1.657,-21.336,-9.120.379,9.901.157,4
1.571,-21.444,-9.120.379,9.901.157,4
1.479,-21.497,-9.120.379,9.901.157,4
1.479,-215,-9.120.379,9.901.157,4
1.547,-21.481,-8.585.878,800.992,4
1.629,-21.443,-8.585.878,800.992,4
1.704,-21.355,-8.585.878,800.992,4
1.858,-21.218,-8.585.878,800.992,4
2.082,-21.078,-8.585.878,800.992,4
2.254,-20.996,-8.585.878,800.992,4
2.269,-2.102,-8.585.878,800.992,4
2.022,-21.151,-8.585.878,800.992,4
1.742,-21.335,-8.585.878,800.992,4
1.574,-21.498,-8.585.878,800.992,4
1.437,-21.602,-8.585.878,800.992,4
1.323,-21.649,-8.585.878,800.992,4
1.241,-21.614,-8.585.878,800.992,4
1.248,-21.539,-8.585.878,800.992,4
1.386,-21.491,-8.585.878,800.992,4
1.583,-21.501,-8.585.878,800.992,4
1.689,-21.522,-11.030.006,8.598.764,4
1.686,-21.527,-11.030.006,8.598.764,4
1.663,-21.485,-11.030.006,8.598.764,4
169,-21.418,-11.030.006,8.598.764,4
1.756,-21.313,-11.030.006,8.598.764,4
1.787,-21.165,-11.030.006,8.598.764,4
1.804,-21.004,-11.030.006,8.598.764,4
1.854,-2.084,-11.030.006,8.598.764,4
1.961,-20.684,-11.030.006,8.598.764,4
2.082,-20.554,-11.030.006,8.598.764,4
217,-2.047,-11.030.006,8.598.764,4
217,-20.396,-11.030.006,8.598.764,4
2.159,-20.304,-11.030.006,8.598.764,4
2.179,-20.236,-11.030.006,8.598.764,4
2.187,-20.185,-11.030.006,8.598.764,4
2.152,-20.154,-11.943.637,13.842.206,4
2.045,-20.125,-11.943.637,13.842.206,4
1.943,-20.117,-11.943.637,13.842.206,4
1.876,-20.108,-11.943.637,13.842.206,4
1.822,-20.081,-11.943.637,13.842.206,4
1.793,-20.004,-11.943.637,13.842.206,4
1.819,-19.958,-11.943.637,13.842.206,4
1.893,-19.906,-11.943.637,13.842.206,4
1.961,-19.778,-11.943.637,13.842.206,4
2.101,-19.636,-11.943.637,13.842.206,4
2.312,-19.565,-11.943.637,13.842.206,4
2.453,-19.521,-11.943.637,13.842.206,4
2.528,-19.474,-11.943.637,13.842.206,4
2.617,-19.431,-11.943.637,13.842.206,4
2.644,-19.419,-11.943.637,13.842.206,4
2.613,-19.467,-11.943.637,13.842.206,4
2.478,-19.599,-12.623.629,11.790.585,4
2.263,-1.987,-12.623.629,11.790.585,4
2.059,-20.284,-12.623.629,11.790.585,4
1.885,-20.718,-12.623.629,11.790.585,4
1.789,-21.025,-12.623.629,11.790.585,4
1.767,-21.106,-12.623.629,11.790.585,4
1.772,-2.099,-12.623.629,11.790.585,4
1.873,-20.712,-12.623.629,11.790.585,4
2.053,-20.312,-12.623.629,11.790.585,4
2.351,-19.817,-12.623.629,11.790.585,4
2.667,-19.331,-12.623.629,11.790.585,4
2.972,-18.908,-12.623.629,11.790.585,4
3.137,-18.542,-12.623.629,11.790.585,4
3.199,-18.191,-12.623.629,11.790.585,4
3.189,-17.825,-12.623.629,11.790.585,4
3.198,-17.415,-926.254,7.269.497,4
3.287,-17.013,-926.254,7.269.497,4
3.447,-16.698,-926.254,7.269.497,4
3.653,-16.463,-926.254,7.269.497,4
3.894,-16.232,-926.254,7.269.497,4
4.159,-15.977,-926.254,7.269.497,4
4.465,-15.694,-926.254,7.269.497,4
4.776,-15.459,-926.254,7.269.497,4
5.063,-15.286,-926.254,7.269.497,4
5.303,-15.197,-926.254,7.269.497,4
5.544,-15.167,-926.254,7.269.497,4
5.926,-15.217,-926.254,7.269.497,4
6.573,-1.533,-926.254,7.269.497,4
7.369,-15.523,-926.254,7.269.497,4
8.205,-15.747,-926.254,7.269.497,4
9.066,-15.976,-6.199.209,9.468.422,4
9.917,-16.239,-6.199.209,9.468.422,4
10.712,-16.638,-6.199.209,9.468.422,4
11.477,-17.271,-6.199.209,9.468.422,4
12.229,-18.078,-6.199.209,9.468.422,4
12.993,-1.892,-6.199.209,9.468.422,4
13.713,-19.763,-6.199.209,9.468.422,4
14.326,-2.063,-6.199.209,9.468.422,4
14.846,-21.535,-6.199.209,9.468.422,4
15.235,-22.458,-6.199.209,9.468.422,4
1.538,-23.254,-6.199.209,9.468.422,4
1.528,-23.913,-6.199.209,9.468.422,4
15.084,-24.413,-6.199.209,9.468.422,4
14.895,-24.907,-6.199.209,9.468.422,4
14.728,-253,-6.199.209,9.468.422,4
14.547,-256,91.247.505,63.251.996,4
14.253,-25.854,91.247.505,63.251.996,4
13.832,-26.117,91.247.505,63.251.996,4
13.363,-26.363,91.247.505,63.251.996,4
13.017,-2.654,91.247.505,63.251.996,4
12.827,-26.613,91.247.505,63.251.996,4
12.755,-26.605,91.247.505,63.251.996,4
12.784,-26.518,91.247.505,63.251.996,4
1.286,-26.364,91.247.505,63.251.996,4
0.13,-26.175,91.247.505,63.251.996,4
13.073,-25.974,91.247.505,63.251.996,4
13.084,-25.793,91.247.505,63.251.996,4
13.083,-2.562,91.247.505,63.251.996,4
13.079,-25.462,91.247.505,63.251.996,4
13.117,-25.291,91.247.505,63.251.996,4
13.154,-25.088,91.247.505,63.251.996,4
13.166,-24.859,91.247.505,63.251.996,4
13.211,-24.621,91.247.505,63.251.996,4
13.245,-24.385,91.247.505,63.251.996,4
13.235,-24.168,91.247.505,63.251.996,4
13.124,-23.971,91.247.505,63.251.996,4
12.958,-23.809,91.247.505,63.251.996,4
1.284,-23.709,91.247.505,63.251.996,4
12.673,-23.653,91.247.505,63.251.996,4
12.492,-23.667,91.247.505,63.251.996,4
12.296,-23.727,91.247.505,63.251.996,4
12.116,-2.381,91.247.505,63.251.996,4
11.976,-23.914,91.247.505,63.251.996,4
1.191,-23.981,91.247.505,63.251.996,4
1.183,-23.984,91.247.505,63.251.996,4
11.784,-23.857,-17.758.142,18.389.065,4
11.756,-23.619,-17.758.142,18.389.065,4
11.782,-23.345,-17.758.142,18.389.065,4
11.812,-23.082,-17.758.142,18.389.065,4
11.823,-22.832,-17.758.142,18.389.065,4
11.807,-22.602,-17.758.142,18.389.065,4
11.812,-22.384,-17.758.142,18.389.065,4
11.854,-22.177,-17.758.142,18.389.065,4
11.916,-21.982,-17.758.142,18.389.065,4
11.999,-21.834,-17.758.142,18.389.065,4
12.064,-21.717,-17.758.142,18.389.065,4
12.092,-21.594,-17.758.142,18.389.065,4
12.101,-2.143,-17.758.142,18.389.065,4
12.133,-21.251,-17.758.142,18.389.065,4
12.176,-21.124,-17.758.142,18.389.065,4
12.173,-21.033,-16.677.021,15.031.886,4
12.159,-20.973,-16.677.021,15.031.886,4
1.218,-2.095,-16.677.021,15.031.886,4
12.213,-20.938,-16.677.021,15.031.886,4
12.272,-20.904,-16.677.021,15.031.886,4
12.324,-20.846,-16.677.021,15.031.886,4
1.232,-20.775,-16.677.021,15.031.886,4
12.242,-20.706,-16.677.021,15.031.886,4
12.087,-20.656,-16.677.021,15.031.886,4
11.869,-20.636,-16.677.021,15.031.886,4
11.605,-20.632,-16.677.021,15.031.886,4
11.338,-20.637,-16.677.021,15.031.886,4
11.152,-20.687,-16.677.021,15.031.886,4
11.046,-20.692,-16.677.021,15.031.886,4
10.993,-20.634,-16.677.021,15.031.886,4
1.097,-2.052,-14.856.239,1.585.125,4
10.986,-20.391,-14.856.239,1.585.125,4
11.019,-20.327,-14.856.239,1.585.125,4
11.052,-20.315,-14.856.239,1.585.125,4
11.068,-20.325,-14.856.239,1.585.125,4
1.111,-20.333,-14.856.239,1.585.125,4
11.165,-2.034,-14.856.239,1.585.125,4
11.186,-20.322,-14.856.239,1.585.125,4
11.171,-20.272,-14.856.239,1.585.125,4
11.141,-20.204,-14.856.239,1.585.125,4
11.072,-20.132,-14.856.239,1.585.125,4
10.958,-20.045,-14.856.239,1.585.125,4
10.855,-19.948,-14.856.239,1.585.125,4
10.768,-19.868,-14.856.239,1.585.125,4
10.704,-19.828,-14.856.239,1.585.125,4
10.658,-19.834,-14.856.239,1.585.125,4
10.602,-19.845,-14.133.882,10.735.386,4
10.547,-19.842,-14.133.882,10.735.386,4
10.523,-19.834,-14.133.882,10.735.386,4
10.493,-19.834,-14.133.882,10.735.386,4
10.492,-19.831,-14.133.882,10.735.386,4
1.051,-19.831,-14.133.882,10.735.386,4
10.536,-19.813,-14.133.882,10.735.386,4
10.515,-19.777,-14.133.882,10.735.386,4
10.428,-19.762,-14.133.882,10.735.386,4
10.334,-19.776,-14.133.882,10.735.386,4
10.194,-19.788,-14.133.882,10.735.386,4
1.009,-1.981,-14.133.882,10.735.386,4
1.001,-19.836,-14.133.882,10.735.386,4
9.908,-19.854,-14.133.882,10.735.386,4
9.858,-1.987,-14.133.882,10.735.386,4
9.759,-19.872,-11.780.278,8.277.815,4
9.649,-19.873,-11.780.278,8.277.815,4
961,-1.984,-11.780.278,8.277.815,4
9.639,-19.786,-11.780.278,8.277.815,4
9.765,-19.736,-11.780.278,8.277.815,4
9.824,-19.735,-11.780.278,8.277.815,4
9.781,-19.748,-11.780.278,8.277.815,4
9.689,-19.745,-11.780.278,8.277.815,4
9.621,-19.729,-11.780.278,8.277.815,4
9.629,-19.698,-11.780.278,8.277.815,4
9.652,-1.965,-11.780.278,8.277.815,4
9.619,-19.603,-11.780.278,8.277.815,4
956,-19.544,-11.780.278,8.277.815,4
9.498,-1.947,-11.780.278,8.277.815,4
9.473,-19.384,-11.780.278,8.277.815,4
948,-19.329,-1.335.865,1.007.485,4
9.455,-19.338,-1.335.865,1.007.485,4
9.392,-19.419,-1.335.865,1.007.485,4
934,-19.505,-1.335.865,1.007.485,4
9.336,-19.567,-1.335.865,1.007.485,4
9.371,-19.594,-1.335.865,1.007.485,4
9.417,-19.591,-1.335.865,1.007.485,4
9.455,-19.558,-1.335.865,1.007.485,4
9.456,-19.513,-1.335.865,1.007.485,4
9.495,-19.455,-1.335.865,1.007.485,4
9.513,-19.409,-1.335.865,1.007.485,4
9.513,-19.384,-1.335.865,1.007.485,4
9.492,-19.373,-1.335.865,1.007.485,4
942,-19.354,36.765,23.649,4